episode,serviced_reward,gen_reward
1,1478.0800000000013,-1468.0800000000013
2,1502.5900000000017,-1501.5900000000017
3,1367.6100000000015,-1366.6100000000015
4,1407.5100000000018,-1402.5100000000018
5,1397.8200000000015,-1396.8200000000015
6,1378.0800000000013,-1378.0800000000013
7,1362.4700000000012,-1350.4700000000012
8,1243.060000000001,-1228.060000000001
9,1477.4900000000014,-1477.4900000000014
10,1352.9300000000017,-1345.9300000000017
11,1298.0000000000011,-1268.0000000000011
12,1607.9000000000015,-1603.9000000000015
13,1242.9900000000011,-1215.9900000000011
14,1352.5900000000015,-1346.5900000000015
15,1318.4900000000014,-1293.4900000000014
16,1448.4700000000012,-1438.4700000000012
17,1658.4400000000012,-1645.4400000000012
18,1538.3900000000008,-1520.3900000000008
19,1288.2900000000009,-1258.2900000000009
20,1368.340000000001,-1321.340000000001
21,1468.350000000001,-1425.350000000001
22,1178.2600000000014,-1117.2600000000014
23,1228.5600000000006,-1155.5600000000006
24,1188.8200000000006,-1116.8200000000006
25,1808.4700000000007,-1789.4700000000007
26,1398.5100000000002,-1342.5100000000002
27,1499.3200000000002,-1447.3200000000002
28,1508.670000000001,-1473.670000000001
29,1588.4500000000012,-1556.4500000000012
30,1318.8600000000004,-1251.8600000000004
31,1628.770000000001,-1596.770000000001
32,1058.6800000000003,-965.6800000000003
33,1529.0300000000004,-1506.0300000000004
34,1288.6600000000005,-1227.6600000000005
35,1568.720000000001,-1519.720000000001
36,1488.8000000000004,-1445.8000000000004
37,1578.710000000001,-1543.710000000001
38,1398.8000000000004,-1337.8000000000004
39,1638.6300000000008,-1614.6300000000008
40,1639.1600000000003,-1606.1600000000003
41,1768.6800000000007,-1743.6800000000007
42,1753.3100000000006,-1741.3100000000006
43,1538.080000000001,-1504.080000000001
44,1448.4800000000007,-1416.4800000000007
45,1378.2800000000009,-1349.2800000000009
46,1238.2300000000012,-1191.2300000000012
47,1438.5300000000009,-1406.5300000000009
48,1278.7100000000007,-1225.7100000000007
49,1198.5600000000004,-1141.5600000000004
50,1308.5900000000006,-1275.5900000000006
51,1508.4200000000012,-1474.4200000000012
52,1458.7100000000007,-1420.7100000000007
53,1478.5800000000006,-1439.5800000000006
54,1468.7000000000007,-1440.7000000000007
55,1688.7400000000005,-1660.7400000000005
56,1338.510000000001,-1290.510000000001
57,1578.5700000000006,-1558.5700000000006
58,978.3300000000011,-907.3300000000011
59,1628.5600000000009,-1602.5600000000009
60,1468.320000000001,-1439.320000000001
61,1458.5500000000006,-1416.5500000000006
62,1378.6600000000005,-1354.6600000000005
63,1458.3100000000009,-1427.3100000000009
64,1418.760000000001,-1395.760000000001
65,1328.070000000001,-1287.070000000001
66,1338.2800000000013,-1301.2800000000013
67,1418.5500000000006,-1390.5500000000006
68,1518.460000000001,-1494.460000000001
69,1288.6600000000005,-1252.6600000000005
70,1438.4300000000012,-1416.4300000000012
71,1263.3600000000008,-1224.3600000000008
72,1637.9900000000014,-1621.9900000000014
73,1448.360000000001,-1414.360000000001
74,1278.1100000000013,-1241.1100000000013
75,1498.4700000000007,-1462.4700000000007
76,1408.7500000000007,-1388.7500000000007
77,1448.5000000000007,-1437.5000000000007
78,1368.480000000001,-1347.480000000001
79,1258.3600000000008,-1239.3600000000008
80,1388.170000000001,-1382.170000000001
81,1333.610000000001,-1326.610000000001
82,1318.6300000000008,-1303.6300000000008
83,1108.0300000000013,-1094.0300000000013
84,1278.280000000001,-1265.280000000001
85,1158.2600000000011,-1152.2600000000011
86,1218.300000000001,-1211.300000000001
87,1378.2300000000012,-1371.2300000000012
88,1013.0300000000013,-1003.0300000000013
89,1308.460000000001,-1302.460000000001
90,1408.080000000001,-1400.080000000001
91,1118.1100000000013,-1111.1100000000013
92,1193.2300000000012,-1189.2300000000012
93,1268.470000000001,-1264.470000000001
94,1228.080000000001,-1227.080000000001
95,1298.560000000001,-1288.560000000001
96,1248.0700000000013,-1242.0700000000013
97,1378.0900000000013,-1367.0900000000013
98,1273.1600000000012,-1264.1600000000012
99,1352.9300000000014,-1347.9300000000014
100,1387.9100000000017,-1379.9100000000017
101,1338.1000000000013,-1331.1000000000013
102,1487.8600000000017,-1482.8600000000017
103,1382.8900000000015,-1377.8900000000015
104,1417.9600000000014,-1417.9600000000014
105,1303.040000000001,-1302.040000000001
106,1042.8300000000013,-1034.8300000000013
107,1398.1200000000013,-1398.1200000000013
108,1192.3100000000015,-1192.3100000000015
109,1217.8200000000015,-1212.8200000000015
110,1248.2500000000011,-1243.2500000000011
111,1312.7000000000014,-1312.7000000000014
112,1098.170000000001,-1098.170000000001
113,1122.9200000000014,-1122.9200000000014
114,1228.2800000000013,-1225.2800000000013
115,1247.8900000000015,-1246.8900000000015
116,1257.7000000000016,-1257.7000000000016
117,1307.7500000000016,-1306.7500000000016
118,1173.070000000001,-1172.070000000001
119,1083.2500000000011,-1083.2500000000011
120,1257.890000000001,-1257.890000000001
121,977.5200000000018,-973.5200000000018
122,1137.4500000000014,-1137.4500000000014
123,1437.9900000000011,-1437.9900000000011
124,1227.9500000000014,-1224.9500000000014
125,1263.0200000000013,-1256.0200000000013
126,1292.9600000000012,-1292.9600000000012
127,1267.9300000000014,-1266.9300000000014
128,1068.0100000000014,-1063.0100000000014
129,1118.1900000000012,-1118.1900000000012
130,1137.7100000000016,-1137.7100000000016
131,1082.7500000000016,-1082.7500000000016
132,1058.050000000001,-1057.050000000001
133,1077.7800000000013,-1067.7800000000013
134,1133.190000000001,-1133.190000000001
135,1062.9500000000014,-1062.9500000000014
136,1267.5500000000015,-1266.5500000000015
137,1357.1500000000021,-1357.1500000000021
138,1327.7300000000014,-1327.7300000000014
139,1097.9200000000012,-1094.9200000000012
140,1132.3500000000015,-1116.3500000000015
141,1122.5900000000013,-1121.5900000000013
142,1117.6800000000017,-1116.6800000000017
143,1197.8600000000015,-1191.8600000000015
144,1232.8000000000015,-1229.8000000000015
145,1182.4400000000014,-1174.4400000000014
146,1117.9700000000014,-1112.9700000000014
147,1227.9500000000014,-1215.9500000000014
148,1277.5300000000013,-1275.5300000000013
149,1257.4100000000012,-1251.4100000000012
150,1238.0700000000013,-1236.0700000000013
151,1287.7000000000014,-1287.7000000000014
152,1207.8900000000015,-1204.8900000000015
153,1358.4700000000012,-1357.4700000000012
154,1157.8200000000013,-1155.8200000000013
155,1187.5700000000013,-1187.5700000000013
156,1228.340000000001,-1222.340000000001
157,1208.120000000001,-1197.120000000001
158,1178.460000000001,-1178.460000000001
159,802.770000000001,-798.770000000001
160,1118.0000000000011,-1113.0000000000011
161,1128.2500000000007,-1126.2500000000007
162,1118.460000000001,-1106.460000000001
163,1347.800000000001,-1334.800000000001
164,1018.3000000000011,-980.3000000000011
165,1418.090000000001,-1406.090000000001
166,1257.940000000001,-1245.940000000001
167,1408.130000000001,-1394.130000000001
168,1337.9000000000015,-1323.9000000000015
169,1467.9500000000012,-1463.9500000000012
170,1343.4600000000007,-1333.4600000000007
171,1357.850000000001,-1356.850000000001
172,1438.2500000000011,-1431.2500000000011
173,1168.410000000001,-1152.410000000001
174,1397.3700000000017,-1397.3700000000017
175,1458.0600000000009,-1438.0600000000009
176,1358.160000000001,-1353.160000000001
177,1338.0900000000015,-1335.0900000000015
178,1048.020000000001,-1041.020000000001
179,1047.5900000000013,-1039.5900000000013
180,1248.500000000001,-1246.500000000001
181,1218.6700000000008,-1218.6700000000008
182,1238.230000000001,-1238.230000000001
183,1248.030000000001,-1243.030000000001
184,1258.650000000001,-1253.650000000001
185,1258.490000000001,-1257.490000000001
186,1227.9500000000014,-1224.9500000000014
187,1138.200000000001,-1123.200000000001
188,1288.140000000001,-1278.140000000001
189,1277.970000000001,-1270.970000000001
190,1207.7800000000009,-1199.7800000000009
191,1218.180000000001,-1208.180000000001
192,1207.8200000000013,-1204.8200000000013
193,1097.9300000000012,-1092.9300000000012
194,1407.4400000000016,-1401.4400000000016
195,1338.480000000001,-1333.480000000001
196,1167.3900000000015,-1167.3900000000015
197,1288.0000000000014,-1283.0000000000014
198,1283.5700000000008,-1276.5700000000008
199,1043.0900000000013,-1037.0900000000013
200,1018.060000000001,-1006.060000000001
201,1337.9200000000012,-1333.9200000000012
202,1348.2000000000007,-1347.2000000000007
203,1247.9300000000012,-1247.9300000000012
204,1162.5500000000018,-1146.5500000000018
205,1167.8800000000012,-1154.8800000000012
206,1267.9800000000012,-1258.9800000000012
207,1187.9500000000012,-1178.9500000000012
208,1198.350000000001,-1190.350000000001
209,1368.160000000001,-1358.160000000001
210,1287.8500000000013,-1276.8500000000013
211,1378.6500000000008,-1375.6500000000008
212,1167.5500000000015,-1152.5500000000015
213,1372.4800000000014,-1368.4800000000014
214,1527.9800000000014,-1526.9800000000014
215,1238.0200000000016,-1222.0200000000016
216,1317.9100000000012,-1307.9100000000012
217,1247.9900000000014,-1242.9900000000014
218,1308.1900000000012,-1295.1900000000012
219,1337.9600000000014,-1336.9600000000014
220,1298.0200000000013,-1290.0200000000013
221,1178.170000000001,-1175.170000000001
222,1238.0000000000014,-1234.0000000000014
223,1467.9400000000012,-1464.9400000000012
224,1238.2800000000013,-1231.2800000000013
225,1378.180000000001,-1372.180000000001
226,1218.290000000001,-1210.290000000001
227,1227.8700000000013,-1215.8700000000013
228,1478.220000000001,-1477.220000000001
229,1338.040000000001,-1338.040000000001
230,1358.1000000000013,-1350.1000000000013
231,1498.2300000000012,-1492.2300000000012
232,1388.7200000000007,-1383.7200000000007
233,1278.510000000001,-1270.510000000001
234,1168.2700000000011,-1161.2700000000011
235,1258.6600000000008,-1257.6600000000008
236,1258.2600000000014,-1258.2600000000014
237,1368.360000000001,-1368.360000000001
238,1428.020000000001,-1428.020000000001
239,1318.6800000000007,-1317.6800000000007
240,1198.320000000001,-1191.320000000001
241,1408.2000000000012,-1402.2000000000012
242,1408.2200000000012,-1408.2200000000012
243,1328.8900000000008,-1328.8900000000008
244,1368.400000000001,-1366.400000000001
245,1388.060000000001,-1385.060000000001
246,1448.880000000001,-1443.880000000001
247,1148.360000000001,-1138.360000000001
248,1068.8000000000009,-1067.8000000000009
249,1298.200000000001,-1295.200000000001
250,1348.1700000000008,-1348.1700000000008
251,1318.970000000001,-1317.970000000001
252,1378.470000000001,-1378.470000000001
253,1258.6200000000006,-1252.6200000000006
254,1258.1200000000013,-1258.1200000000013
255,1338.1600000000012,-1326.1600000000012
256,1099.2100000000003,-1082.2100000000003
257,1348.720000000001,-1345.720000000001
258,1107.9900000000014,-1106.9900000000014
259,1148.9700000000005,-1137.9700000000005
260,1248.7700000000004,-1248.7700000000004
261,1499.39,-1494.39
262,1229.1900000000003,-1225.1900000000003
263,1309.1500000000005,-1309.1500000000005
264,1349.2300000000005,-1338.2300000000005
265,1348.9500000000007,-1335.9500000000007
266,1269.2500000000005,-1264.2500000000005
267,1209.1700000000003,-1196.1700000000003
268,1328.9700000000005,-1328.9700000000005
269,1118.4200000000008,-1109.4200000000008
270,1188.6500000000008,-1187.6500000000008
271,1089.0000000000005,-1086.0000000000005
272,1228.8800000000006,-1209.8800000000006
273,1188.6700000000008,-1177.6700000000008
274,1258.8400000000006,-1233.8400000000006
275,1348.4700000000012,-1343.4700000000012
276,1278.7000000000005,-1259.7000000000005
277,1279.2800000000004,-1254.2800000000004
278,1238.8300000000008,-1238.8300000000008
279,1299.2900000000002,-1287.2900000000002
280,1438.2200000000007,-1429.2200000000007
281,1488.950000000001,-1480.950000000001
282,1289.2400000000005,-1279.2400000000005
283,1049.2100000000003,-1038.2100000000003
284,1369.0800000000006,-1367.0800000000006
285,1138.520000000001,-1136.520000000001
286,848.3400000000008,-842.3400000000008
287,1249.0300000000004,-1241.0300000000004
288,1299.3300000000006,-1297.3300000000006
289,1068.6700000000008,-1056.6700000000008
290,1129.1800000000003,-1120.1800000000003
291,1029.2300000000002,-1024.2300000000002
292,1069.0800000000006,-1061.0800000000006
293,1148.8700000000003,-1143.8700000000003
294,1039.0100000000004,-1025.0100000000004
295,1008.440000000001,-993.440000000001
296,1298.7100000000007,-1295.7100000000007
297,1068.8900000000008,-1062.8900000000008
298,728.7400000000008,-688.7400000000008
299,1108.6600000000008,-1097.6600000000008
300,1269.0400000000004,-1259.0400000000004
301,1138.9000000000005,-1132.9000000000005
302,1098.2600000000007,-1076.2600000000007
303,1179.1100000000006,-1149.1100000000006
304,1488.7700000000007,-1476.7700000000007
305,1198.9900000000005,-1181.9900000000005
306,1448.4500000000005,-1440.4500000000005
307,1328.4000000000005,-1314.4000000000005
308,1308.8400000000006,-1284.8400000000006
309,1369.0800000000002,-1350.0800000000002
310,1168.9300000000007,-1158.9300000000007
311,1239.1400000000003,-1233.1400000000003
312,1189.1900000000003,-1167.1900000000003
313,948.8900000000007,-912.8900000000007
314,1099.1800000000003,-1077.1800000000003
315,1308.5900000000004,-1289.5900000000004
316,989.0100000000006,-940.0100000000006
317,1418.9800000000005,-1405.9800000000005
318,1249.3600000000001,-1225.3600000000001
319,1369.2500000000002,-1348.2500000000002
320,1368.8700000000008,-1350.8700000000008
321,-0.8300000000000002,155.83
322,1299.0700000000004,-1290.0700000000004
323,1359.5600000000002,-1349.5600000000002
324,1269.2600000000004,-1259.2600000000004
325,1258.8400000000008,-1234.8400000000008
326,1449.2400000000005,-1423.2400000000005
327,0.0,131.0
328,0.0,138.0
329,-0.09,134.09
330,1379.2400000000005,-1364.2400000000005
331,0.0,157.0
332,1329.2400000000005,-1318.2400000000005
333,0.0,167.0
334,0.0,149.0
335,-0.12999999999999998,168.13
336,1429.2400000000005,-1427.2400000000005
337,-0.01,148.01
338,0.0,142.0
339,1369.2400000000005,-1345.2400000000005
340,1429.2400000000005,-1408.2400000000005
341,-0.2900000000000001,181.29
342,-0.04,158.04
343,1249.2400000000005,-1214.2400000000005
344,1539.3100000000004,-1508.3100000000004
345,1679.3100000000002,-1673.3100000000002
346,1529.2400000000005,-1513.2400000000005
347,-0.16,184.16
348,0.0,170.0
349,1389.2400000000005,-1358.2400000000005
350,1559.2400000000005,-1530.2400000000005
351,0.0,159.0
352,0.0,127.0
353,0.0,158.0
354,0.0,164.0
355,0.0,162.0
356,0.0,162.0
357,0.0,188.0
358,-0.01,166.01
359,1249.5900000000001,-1186.5900000000001
360,-0.25000000000000006,200.25
361,1289.1400000000006,-1236.1400000000006
362,0.0,147.0
363,-0.02,182.02
364,1279.2700000000004,-1226.2700000000004
365,-0.37000000000000005,167.37
366,-0.3900000000000001,174.39
367,1179.2000000000005,-1145.2000000000005
368,1458.8700000000003,-1442.8700000000003
369,-0.02,186.02
370,1099.0000000000007,-1045.0000000000007
371,1759.5800000000002,-1757.5800000000002
372,109.45000000000005,55.549999999999955
373,49.64000000000001,127.35999999999999
374,-0.24,145.24
375,-0.43000000000000005,190.43
376,99.48999999999998,60.51000000000002
377,1329.2400000000005,-1285.2400000000005
378,1279.4200000000003,-1229.4200000000003
379,-0.3700000000000001,171.37
380,1389.2100000000005,-1368.2100000000005
381,1129.0300000000004,-1091.0300000000004
382,999.1600000000004,-952.1600000000004
383,-0.27999999999999997,145.28
384,959.1600000000003,-904.1600000000003
385,939.0400000000005,-891.0400000000005
386,1119.1400000000006,-1074.1400000000006
387,-0.34000000000000014,157.34
388,1088.9800000000007,-1055.9800000000007
389,959.0800000000005,-922.0800000000005
390,-0.24000000000000007,123.24
391,-0.15,135.15
392,309.46000000000004,-179.46000000000004
393,49.66,97.34
394,1059.2400000000002,-1024.2400000000002
395,-0.2700000000000001,174.27
396,1269.1000000000004,-1222.1000000000004
397,0.0,169.0
398,1699.5800000000002,-1697.5800000000002
399,-0.04,180.04
400,-0.17999999999999997,171.18
401,0.0,187.0
402,0.0,172.0
403,1209.5200000000002,-1131.5200000000002
404,-0.3100000000000001,178.31
405,0.0,179.0
406,-0.13999999999999999,201.14
407,-0.20999999999999996,175.21
408,-0.10999999999999999,191.11
409,-0.24999999999999997,204.25
410,-0.02,184.02
411,49.980000000000004,135.01999999999998
412,1789.4300000000003,-1761.4300000000003
413,1209.2400000000005,-1115.2400000000005
414,-0.3100000000000001,212.31
415,349.7700000000002,-167.7700000000002
416,1289.1700000000005,-1212.1700000000005
417,199.54999999999998,-17.549999999999983
418,898.9700000000006,-799.9700000000006
419,1029.1600000000003,-949.1600000000003
420,449.15,-287.15
421,1388.9100000000003,-1321.9100000000003
422,119.38999999999999,60.610000000000014
423,339.1600000000001,-197.16000000000008
424,1078.7800000000007,-999.7800000000007
425,1068.6000000000004,-979.6000000000004
426,189.26,-22.25999999999999
427,1439.1400000000003,-1404.1400000000003
428,938.7400000000006,-849.7400000000006
429,1038.8900000000006,-983.8900000000006
430,1359.0400000000004,-1332.0400000000004
431,1368.9700000000003,-1335.9700000000003
432,1138.6200000000003,-1087.6200000000003
433,999.0000000000006,-945.0000000000006
434,988.5500000000006,-914.5500000000006
435,39.620000000000005,96.38
436,1208.9900000000002,-1170.9900000000002
437,1068.7800000000004,-1029.7800000000004
438,979.0400000000004,-938.0400000000004
439,978.9700000000001,-925.9700000000001
440,-0.35,151.35
441,99.37,19.629999999999995
442,129.23,17.77000000000001
443,799.0500000000006,-741.0500000000006
444,829.1500000000001,-781.1500000000001
445,-0.38000000000000006,133.38
446,839.3600000000002,-798.3600000000002
447,1059.46,-1033.46
448,-0.20000000000000004,136.2
449,-0.23,123.23
450,19.669999999999998,94.33
451,729.1700000000004,-676.1700000000004
452,799.52,-765.52
453,-0.43999999999999995,118.44
454,0.0,89.0
455,-0.5100000000000002,114.51
456,99.4,-13.400000000000006
457,-0.5900000000000002,100.59
458,859.0600000000005,-836.0600000000005
459,889.2800000000001,-884.2800000000001
460,168.94,-57.94
461,-0.7200000000000001,100.72
462,-0.3500000000000001,108.35
463,659.0800000000003,-621.0800000000003
464,659.2200000000004,-603.2200000000004
465,-0.49999999999999994,124.5
466,889.0800000000003,-864.0800000000003
467,-0.8500000000000002,130.85
468,879.2700000000003,-856.2700000000003
469,1119.2300000000002,-1103.2300000000002
470,1079.2200000000005,-1069.2200000000005
471,899.0000000000003,-880.0000000000003
472,469.18000000000006,-399.18000000000006
473,959.2700000000001,-940.2700000000001
474,408.94999999999993,-338.94999999999993
475,938.6400000000009,-918.6400000000009
476,509.10000000000014,-463.10000000000014
477,149.14000000000001,-56.140000000000015
478,759.1400000000004,-725.1400000000004
479,788.8400000000007,-768.8400000000007
480,849.3000000000002,-832.3000000000002
481,539.1900000000004,-483.1900000000004
482,689.3400000000003,-659.3400000000003
483,199.45999999999998,-116.45999999999998
484,679.1600000000002,-656.1600000000002
485,-0.23000000000000007,96.23
486,709.1000000000005,-678.1000000000005
487,129.3999999999999,-62.39999999999989
488,769.1500000000002,-741.1500000000002
489,399.24000000000035,-367.24000000000035
490,39.16000000000012,43.83999999999988
491,-0.1,77.1
492,49.42,31.58
493,29.39,69.61
494,714.4100000000001,-699.4100000000001
495,309.21999999999997,-256.21999999999997
496,629.5899999999999,-595.5899999999999
497,729.2200000000004,-703.2200000000004
498,668.8100000000007,-634.8100000000007
499,809.0500000000003,-784.0500000000003
500,39.45,56.55
501,199.30999999999997,-122.30999999999997
502,189.28,-131.28
503,548.7200000000005,-509.7200000000005
504,549.0700000000002,-518.0700000000002
505,328.7900000000006,-280.7900000000006
506,69.52,16.480000000000004
507,479.10000000000036,-451.10000000000036
508,699.3000000000003,-662.3000000000003
509,529.6400000000001,-501.6400000000001
510,519.1000000000005,-488.1000000000005
511,119.52999999999994,-47.529999999999944
512,619.1300000000003,-604.1300000000003
513,619.5100000000002,-616.5100000000002
514,659.2600000000001,-659.2600000000001
515,99.74,-54.739999999999995
516,359.6700000000002,-320.6700000000002
517,679.3100000000002,-672.3100000000002
518,609.6600000000001,-594.6600000000001
519,619.2300000000005,-619.2300000000005
520,469.0800000000003,-439.0800000000003
521,359.25000000000034,-341.25000000000034
522,559.3900000000002,-549.3900000000002
523,109.97999999999999,-53.97999999999999
524,419.56000000000023,-391.56000000000023
525,-0.08,76.08
526,189.26000000000033,-142.26000000000033
527,39.45,12.549999999999997
528,359.0500000000005,-330.0500000000005
529,359.2900000000003,-338.2900000000003
530,179.6,-132.6
531,59.820000000000014,4.1799999999999855
532,748.9900000000002,-744.9900000000002
533,349.10000000000036,-311.10000000000036
534,179.39999999999998,-121.39999999999998
535,109.2299999999998,-34.229999999999805
536,719.2300000000005,-718.2300000000005
537,599.0400000000003,-569.0400000000003
538,459.47000000000014,-434.47000000000014
539,239.54999999999998,-171.54999999999998
540,-0.13999999999999999,76.14
541,229.31,-173.31
542,489.13000000000045,-465.13000000000045
543,29.360000000000007,74.63999999999999
544,239.21999999999997,-179.21999999999997
545,9.740000000000004,86.25999999999999
546,659.1200000000005,-649.1200000000005
547,19.899999999999984,64.10000000000002
548,429.4800000000002,-375.4800000000002
549,89.54999999999997,-6.549999999999969
550,-0.01,117.01
551,669.1000000000005,-633.1000000000005
552,179.70000000000005,-78.70000000000005
553,-0.30000000000000004,105.3
554,539.1200000000005,-492.12000000000046
555,-0.3000000000000001,99.3
556,699.2000000000004,-660.2000000000004
557,638.9700000000006,-593.9700000000006
558,778.6500000000009,-753.6500000000009
559,-0.07,123.07
560,89.77,23.230000000000004
561,-0.17,122.17
562,978.7100000000008,-967.7100000000008
563,949.1800000000003,-931.1800000000003
564,949.0300000000005,-904.0300000000005
565,889.0500000000001,-865.0500000000001
566,869.21,-854.21
567,-0.19999999999999998,136.2
568,1039.2000000000003,-1007.2000000000003
569,1119.62,-1104.62
570,1039.2400000000002,-1011.2400000000002
571,39.74,83.25999999999999
572,-0.02,139.02
573,-0.34000000000000014,125.34
574,0.0,133.0
575,0.0,136.0
576,-0.3,141.3
577,1169.2400000000005,-1143.2400000000005
578,-0.4500000000000002,113.45
579,-0.08,132.08
580,-0.42999999999999994,158.43
581,149.51999999999998,-35.51999999999998
582,1139.5800000000002,-1120.5800000000002
583,939.62,-882.62
584,1379.7,-1376.7
585,-0.11999999999999998,175.12
586,949.0500000000005,-920.0500000000005
587,1228.8000000000006,-1217.8000000000006
588,999.1600000000004,-977.1600000000004
589,0.0,151.0
590,49.48999999999993,107.51000000000008
591,1199.2300000000005,-1178.2300000000005
592,0.0,171.0
593,1399.3200000000002,-1373.3200000000002
594,1379.2400000000005,-1356.2400000000005
595,-0.5100000000000001,133.51
596,0.0,134.0
597,-0.14,165.14
598,-0.36,174.36
599,1149.6100000000001,-1118.6100000000001
600,1259.6100000000001,-1250.6100000000001
601,1329.3700000000003,-1316.3700000000003
602,49.830000000000005,92.16999999999999
603,1269.0700000000006,-1236.0700000000006
604,1309.0800000000006,-1275.0800000000006
605,1219.2400000000005,-1190.2400000000005
606,1339.2400000000005,-1301.2400000000005
607,1289.0200000000007,-1250.0200000000007
608,129.35,-1.3499999999999943
609,-0.14,134.14
610,1479.5300000000002,-1455.5300000000002
611,1269.41,-1244.41
612,1349.5600000000002,-1344.5600000000002
613,-0.3500000000000001,152.35
614,-0.5400000000000003,165.54
615,0.0,134.0
616,0.0,146.0
617,0.0,149.0
618,1319.2000000000003,-1315.2000000000003
619,0.0,140.0
620,-0.22000000000000006,163.22
621,1029.53,-1010.53
622,-0.37000000000000005,141.37
623,-0.37,126.37
624,329.40999999999997,-206.40999999999997
625,-0.11999999999999998,160.12
626,1159.2300000000005,-1107.2300000000005
627,1119.5600000000002,-1086.5600000000002
628,1169.0800000000006,-1125.0800000000006
629,-0.24,157.24
630,269.05,-153.05
631,-0.31,161.31
632,1379.1800000000005,-1370.1800000000005
633,1179.2300000000002,-1140.2300000000002
634,109.31,50.69
635,1519.2000000000005,-1501.2000000000005
636,-0.4900000000000002,170.49
637,-0.18999999999999997,163.19
638,-0.5600000000000002,187.56
639,1369.1800000000003,-1320.1800000000003
640,1299.6000000000001,-1243.6000000000001
641,49.55999999999995,123.44000000000005
642,-0.29,158.29
643,69.74,102.26
644,59.30999999999999,125.69000000000001
645,1369.0000000000007,-1321.0000000000007
646,1299.0100000000002,-1261.0100000000002
647,1169.2300000000005,-1111.2300000000005
648,1019.0400000000005,-957.0400000000005
649,1269.0200000000004,-1226.0200000000004
650,289.35999999999996,-144.35999999999996
651,979.1900000000004,-907.1900000000004
652,1029.2100000000003,-992.2100000000003
653,1079.1600000000003,-1034.1600000000003
654,1168.9900000000007,-1141.9900000000007
655,789.4900000000001,-728.4900000000001
656,638.9700000000005,-581.9700000000005
657,888.6500000000011,-826.6500000000011
658,1109.1300000000006,-1098.1300000000006
659,699.0100000000006,-646.0100000000006
660,828.7900000000004,-787.7900000000004
661,449.4700000000005,-374.4700000000005
662,729.1800000000004,-682.1800000000004
663,349.36000000000035,-279.36000000000035
664,449.47000000000037,-360.47000000000037
665,379.5300000000002,-290.5300000000002
666,739.4800000000005,-701.4800000000005
667,549.7200000000003,-471.72000000000025
668,1068.4100000000005,-1039.4100000000005
669,679.1600000000005,-636.1600000000005
670,929.2000000000004,-889.2000000000004
671,729.1500000000004,-675.1500000000004
672,729.4400000000003,-674.4400000000003
673,619.1900000000003,-553.1900000000003
674,549.0500000000005,-493.0500000000005
675,1049.0300000000004,-1032.0300000000004
676,558.8900000000007,-479.89000000000067
677,1228.8500000000006,-1226.8500000000006
678,738.6500000000008,-694.6500000000008
679,1079.5500000000004,-1058.5500000000004
680,748.9100000000009,-705.9100000000009
681,1198.9600000000007,-1190.9600000000007
682,958.2600000000011,-936.2600000000011
683,1019.1100000000006,-1006.1100000000006
684,818.9300000000007,-808.9300000000007
685,829.0900000000006,-818.0900000000006
686,858.7500000000009,-853.7500000000009
687,768.7200000000005,-748.7200000000005
688,1049.1200000000006,-1049.1200000000006
689,919.0700000000004,-899.0700000000004
690,619.1300000000006,-606.1300000000006
691,779.2500000000003,-752.2500000000003
692,859.0000000000006,-849.0000000000006
693,568.9100000000005,-542.9100000000005
694,978.650000000001,-969.650000000001
695,908.7900000000009,-892.7900000000009
696,529.1000000000005,-489.1000000000005
697,639.0000000000002,-613.0000000000002
698,518.8100000000006,-469.8100000000006
699,988.8900000000008,-986.8900000000008
700,798.650000000001,-783.650000000001
701,628.6400000000004,-604.6400000000004
702,669.2300000000005,-656.2300000000005
703,389.49000000000007,-315.49000000000007
704,1248.7800000000009,-1243.7800000000009
705,549.0500000000004,-507.0500000000004
706,529.1400000000003,-495.1400000000003
707,939.1500000000005,-916.1500000000005
708,1049.1500000000005,-1031.1500000000005
709,868.8800000000008,-858.8800000000008
710,769.0700000000004,-749.0700000000004
711,949.1600000000003,-922.1600000000003
712,879.1900000000003,-837.1900000000003
713,969.4200000000002,-947.4200000000002
714,929.3200000000006,-910.3200000000006
715,499.31000000000006,-439.31000000000006
716,629.4200000000001,-599.4200000000001
717,1039.4400000000003,-1026.4400000000003
718,89.47999999999998,25.520000000000024
719,629.2100000000004,-588.2100000000004
720,959.5600000000001,-944.5600000000001
721,259.50000000000017,-173.50000000000017
722,839.2300000000001,-812.2300000000001
723,869.3300000000003,-834.3300000000003
724,49.68,57.32
725,569.2800000000003,-506.2800000000003
726,688.6200000000006,-637.6200000000006
727,1098.9200000000005,-1086.9200000000005
728,708.9400000000005,-639.9400000000005
729,849.2200000000005,-833.2200000000005
730,419.3700000000002,-357.3700000000002
731,499.17000000000036,-438.17000000000036
732,89.81,10.189999999999998
733,709.3200000000003,-655.3200000000003
734,748.9100000000002,-709.9100000000002
735,909.1500000000004,-886.1500000000004
736,929.1600000000003,-900.1600000000003
737,609.5900000000003,-573.5900000000003
738,459.56000000000006,-405.56000000000006
739,778.9300000000007,-764.9300000000007
740,839.4300000000002,-807.4300000000002
741,968.8400000000006,-949.8400000000006
742,278.95,-199.95
743,339.16,-277.16
744,718.9400000000007,-708.9400000000007
745,759.3400000000004,-751.3400000000004
746,469.05000000000035,-433.05000000000035
747,389.14000000000044,-349.14000000000044
748,419.0300000000005,-374.0300000000005
749,499.61000000000035,-464.61000000000035
750,948.7700000000009,-945.7700000000009
751,519.3500000000003,-486.35000000000025
752,659.5400000000002,-616.5400000000002
753,698.2800000000002,-667.2800000000002
754,339.32000000000016,-281.32000000000016
755,799.5900000000004,-790.5900000000004
756,529.1000000000004,-488.10000000000036
757,329.4900000000001,-267.4900000000001
758,949.2300000000005,-943.2300000000005
759,539.66,-487.65999999999997
760,629.2700000000004,-575.2700000000004
761,79.76,-6.760000000000005
762,339.6300000000001,-266.6300000000001
763,339.4300000000003,-284.4300000000003
764,728.8700000000006,-706.8700000000006
765,659.4700000000004,-630.4700000000004
766,449.15000000000026,-392.15000000000026
767,299.4800000000002,-247.4800000000002
768,419.3000000000001,-373.3000000000001
769,399.50000000000006,-354.50000000000006
770,199.43999999999986,-114.43999999999986
771,649.3400000000004,-607.3400000000004
772,739.1200000000005,-718.1200000000005
773,679.2400000000006,-648.2400000000006
774,789.0000000000003,-747.0000000000003
775,608.6800000000009,-568.6800000000009
776,608.9500000000004,-563.9500000000004
777,579.1000000000005,-544.1000000000005
778,349.2000000000003,-302.2000000000003
779,729.2900000000003,-694.2900000000003
780,759.2000000000003,-736.2000000000003
781,409.12000000000035,-374.12000000000035
782,499.0600000000005,-446.0600000000005
783,269.09000000000015,-203.09000000000015
784,679.0300000000007,-668.0300000000007
785,149.67999999999998,-68.67999999999998
786,309.55,-251.55
787,529.1600000000003,-493.1600000000003
788,329.21000000000004,-265.21000000000004
789,609.1500000000001,-576.1500000000001
790,389.1700000000001,-331.1700000000001
791,679.1500000000004,-659.1500000000004
792,729.0800000000005,-700.0800000000005
793,579.1500000000005,-542.1500000000005
794,589.1200000000003,-565.1200000000003
795,388.97000000000014,-338.97000000000014
796,459.2700000000002,-426.2700000000002
797,409.4400000000004,-357.4400000000004
798,329.2300000000005,-272.2300000000005
799,769.3800000000003,-755.3800000000003
800,848.8200000000006,-835.8200000000006
801,519.2700000000003,-478.2700000000003
802,748.8900000000009,-724.8900000000009
803,449.0499999999999,-407.0499999999999
804,818.8600000000008,-810.8600000000008
805,768.6000000000006,-752.6000000000006
806,679.2800000000003,-647.2800000000003
807,478.6300000000002,-430.6300000000002
808,589.0500000000002,-563.0500000000002
809,429.3200000000001,-394.3200000000001
810,578.6200000000007,-553.6200000000007
811,359.2100000000003,-313.2100000000003
812,663.6300000000005,-637.6300000000005
813,549.0900000000005,-526.0900000000005
814,288.80000000000007,-251.80000000000007
815,509.36,-480.36
816,473.43,-438.43
817,669.1200000000006,-635.1200000000006
818,778.8700000000008,-765.8700000000008
819,533.6100000000006,-492.6100000000006
820,758.7100000000005,-742.7100000000005
821,589.1200000000005,-553.1200000000005
822,668.8200000000006,-650.8200000000006
823,519.0400000000004,-483.0400000000004
824,749.0700000000007,-735.0700000000007
825,633.9800000000009,-613.9800000000009
826,559.4600000000003,-529.4600000000003
827,358.99999999999994,-324.99999999999994
828,579.3100000000006,-546.3100000000006
829,719.5400000000003,-698.5400000000003
830,544.2700000000002,-507.2700000000002
831,469.33000000000015,-424.33000000000015
832,249.57000000000008,-179.57000000000008
833,559.4600000000002,-528.4600000000002
834,729.4200000000002,-701.4200000000002
835,409.18,-370.18
836,699.2900000000005,-655.2900000000005
837,438.4800000000003,-395.4800000000003
838,479.04000000000036,-443.04000000000036
839,478.9200000000005,-437.9200000000005
840,618.5700000000003,-584.5700000000003
841,594.1400000000001,-577.1400000000001
842,509.21000000000004,-465.21000000000004
843,518.9200000000005,-474.9200000000005
844,488.74000000000046,-447.74000000000046
845,668.8100000000004,-642.8100000000004
846,908.8000000000008,-904.8000000000008
847,828.6900000000007,-818.6900000000007
848,688.7700000000004,-661.7700000000004
849,983.630000000001,-975.630000000001
850,519.1400000000004,-490.14000000000044
851,598.6400000000007,-563.6400000000007
852,838.6600000000009,-822.6600000000009
853,713.5900000000005,-696.5900000000005
854,768.9800000000005,-752.9800000000005
855,659.19,-635.19
856,449.00000000000045,-425.00000000000045
857,438.7600000000006,-393.7600000000006
858,663.3500000000007,-639.3500000000007
859,599.2500000000006,-557.2500000000006
860,718.6400000000004,-701.6400000000004
861,559.2900000000003,-539.2900000000003
862,588.8500000000009,-566.8500000000009
863,658.6000000000006,-621.6000000000006
864,799.3400000000003,-791.3400000000003
865,469.0700000000003,-423.0700000000003
866,888.430000000001,-874.430000000001
867,659.3200000000004,-635.3200000000004
868,639.2500000000003,-618.2500000000003
869,468.99000000000024,-449.99000000000024
870,749.3300000000006,-737.3300000000006
871,499.36000000000024,-470.36000000000024
872,754.1800000000002,-743.1800000000002
873,549.0500000000005,-524.0500000000005
874,623.580000000001,-609.580000000001
875,698.8200000000003,-688.8200000000003
876,668.2200000000009,-666.2200000000009
877,728.4200000000008,-715.4200000000008
878,559.0500000000004,-544.0500000000004
879,698.5800000000008,-691.5800000000008
880,488.99000000000063,-467.99000000000063
881,648.7900000000011,-632.7900000000011
882,808.630000000001,-805.630000000001
883,713.7800000000008,-697.7800000000008
884,758.6500000000004,-752.6500000000004
885,738.660000000001,-735.660000000001
886,668.9600000000007,-659.9600000000007
887,569.1200000000006,-562.1200000000006
888,818.9700000000009,-817.9700000000009
889,698.5000000000009,-696.5000000000009
890,589.1900000000006,-580.1900000000006
891,388.9100000000004,-357.9100000000004
892,628.9600000000007,-625.9600000000007
893,708.580000000001,-707.580000000001
894,598.6900000000011,-587.6900000000011
895,789.1900000000007,-783.1900000000007
896,819.0600000000006,-816.0600000000006
897,724.0100000000007,-712.0100000000007
898,568.8500000000009,-560.8500000000009
899,508.93000000000086,-503.93000000000086
900,653.9000000000004,-648.9000000000004
901,699.0000000000005,-695.0000000000005
902,629.3200000000004,-626.3200000000004
903,617.8600000000015,-615.8600000000015
904,639.0500000000008,-631.0500000000008
905,828.9100000000009,-824.9100000000009
906,598.4300000000012,-595.4300000000012
907,588.9500000000007,-578.9500000000007
908,718.1500000000012,-715.1500000000012
909,588.7400000000008,-575.7400000000008
910,638.9300000000009,-631.9300000000009
911,679.1300000000007,-669.1300000000007
912,778.8600000000008,-774.8600000000008
913,718.8300000000007,-717.8300000000007
914,777.7800000000016,-774.7800000000016
915,668.7500000000009,-666.7500000000009
916,588.5300000000011,-583.5300000000011
917,608.9700000000007,-597.9700000000007
918,748.7900000000008,-746.7900000000008
919,758.5100000000012,-755.5100000000012
920,638.9100000000008,-630.9100000000008
921,658.6800000000009,-649.6800000000009
922,709.0700000000007,-700.0700000000007
923,648.0500000000015,-645.0500000000015
924,603.7300000000009,-595.7300000000009
925,578.3600000000009,-577.3600000000009
926,633.4200000000008,-631.4200000000008
927,618.7800000000009,-612.7800000000009
928,708.3700000000009,-704.3700000000009
929,747.9900000000011,-739.9900000000011
930,722.820000000001,-718.820000000001
931,738.4700000000009,-729.4700000000009
932,708.4000000000008,-699.4000000000008
933,678.3600000000013,-670.3600000000013
934,688.8000000000009,-684.8000000000009
935,732.9200000000013,-728.9200000000013
936,758.400000000001,-754.400000000001
937,588.300000000001,-572.300000000001
938,687.8800000000014,-687.8800000000014
939,728.0900000000012,-727.0900000000012
940,548.5600000000006,-543.5600000000006
941,658.7100000000011,-652.7100000000011
942,628.580000000001,-624.580000000001
943,568.4700000000008,-563.4700000000008
944,643.6200000000006,-639.6200000000006
945,588.5600000000012,-580.5600000000012
946,548.2300000000012,-539.2300000000012
947,568.1300000000008,-561.1300000000008
948,668.3500000000012,-664.3500000000012
949,643.0100000000007,-637.0100000000007
950,818.2400000000013,-815.2400000000013
951,698.1700000000012,-695.1700000000012
952,653.200000000001,-651.200000000001
953,753.290000000001,-746.290000000001
954,658.040000000001,-655.040000000001
955,658.5300000000008,-650.5300000000008
956,648.1600000000007,-641.1600000000007
957,767.4100000000011,-762.4100000000011
958,838.3600000000009,-838.3600000000009
959,848.1300000000015,-847.1300000000015
960,788.1700000000009,-781.1700000000009
961,818.5700000000012,-816.5700000000012
962,848.0100000000015,-847.0100000000015
963,827.9000000000012,-819.9000000000012
964,738.250000000001,-736.250000000001
965,783.0600000000012,-780.0600000000012
966,708.2100000000013,-707.2100000000013
967,702.8800000000015,-697.8800000000015
968,758.1800000000012,-756.1800000000012
969,632.7100000000006,-631.7100000000006
970,788.2100000000013,-787.2100000000013
971,712.9900000000015,-708.9900000000015
972,667.8300000000012,-660.8300000000012
973,787.9600000000016,-786.9600000000016
974,677.7500000000015,-676.7500000000015
975,743.4200000000011,-739.4200000000011
976,813.6400000000008,-812.6400000000008
977,858.3300000000011,-858.3300000000011
978,643.1500000000013,-642.1500000000013
979,793.3600000000014,-790.3600000000014
980,638.6000000000012,-632.6000000000012
981,638.3300000000015,-633.3300000000015
982,788.4300000000014,-785.4300000000014
983,693.1700000000009,-685.1700000000009
984,673.7800000000008,-673.7800000000008
985,733.0100000000012,-729.0100000000012
986,703.2800000000013,-702.2800000000013
987,748.3400000000014,-747.3400000000014
988,808.4700000000013,-808.4700000000013
989,753.2300000000015,-751.2300000000015
990,768.4300000000012,-768.4300000000012
991,687.9300000000015,-686.9300000000015
992,612.8900000000014,-606.8900000000014
993,723.2100000000014,-721.2100000000014
994,662.8400000000019,-662.8400000000019
995,617.7000000000018,-615.7000000000018
996,718.3100000000012,-715.3100000000012
997,532.8200000000015,-531.8200000000015
998,668.0500000000012,-667.0500000000012
999,848.3900000000012,-848.3900000000012
1000,693.1700000000013,-689.1700000000013
1001,778.1400000000012,-778.1400000000012
1002,653.2900000000013,-648.2900000000013
1003,783.4500000000012,-782.4500000000012
1004,847.9700000000014,-845.9700000000014
1005,658.8400000000006,-655.8400000000006
1006,878.5600000000012,-877.5600000000012
1007,678.5900000000008,-677.5900000000008
1008,833.2800000000012,-832.2800000000012
1009,788.4600000000013,-781.4600000000013
1010,702.9700000000016,-700.9700000000016
1011,673.590000000001,-669.590000000001
1012,742.9400000000011,-739.9400000000011
1013,698.350000000001,-694.350000000001
1014,783.2200000000014,-783.2200000000014
1015,778.1300000000011,-778.1300000000011
1016,737.9400000000014,-737.9400000000014
1017,718.0300000000013,-713.0300000000013
1018,838.4300000000011,-838.4300000000011
1019,743.1100000000015,-740.1100000000015
1020,763.4800000000009,-762.4800000000009
1021,793.3300000000013,-793.3300000000013
1022,923.6800000000012,-922.6800000000012
1023,778.6600000000011,-770.6600000000011
1024,818.4000000000011,-817.4000000000011
1025,948.3800000000012,-946.3800000000012
1026,883.610000000001,-882.610000000001
1027,778.6800000000011,-775.6800000000011
1028,738.0100000000017,-736.0100000000017
1029,688.4500000000012,-683.4500000000012
1030,908.4500000000013,-908.4500000000013
1031,793.7900000000009,-788.7900000000009
1032,717.8500000000017,-716.8500000000017
1033,798.670000000001,-798.670000000001
1034,678.8600000000009,-673.8600000000009
1035,783.8200000000011,-783.8200000000011
1036,778.5500000000012,-774.5500000000012
1037,714.0000000000008,-711.0000000000008
1038,828.350000000001,-825.350000000001
1039,888.4800000000014,-887.4800000000014
1040,758.8200000000011,-758.8200000000011
1041,872.9700000000016,-872.9700000000016
1042,743.1300000000015,-738.1300000000015
1043,753.1700000000012,-752.1700000000012
1044,808.7200000000009,-807.7200000000009
1045,698.2100000000015,-694.2100000000015
1046,838.8900000000009,-837.8900000000009
1047,708.1600000000017,-706.1600000000017
1048,708.7700000000008,-707.7700000000008
1049,798.3300000000011,-797.3300000000011
1050,863.790000000001,-857.790000000001
1051,783.5600000000012,-783.5600000000012
1052,673.6700000000012,-673.6700000000012
1053,813.1800000000015,-812.1800000000015
1054,763.720000000001,-763.720000000001
1055,678.540000000001,-675.540000000001
1056,828.820000000001,-825.820000000001
1057,698.2900000000009,-691.2900000000009
1058,848.3500000000009,-844.3500000000009
1059,843.5500000000013,-841.5500000000013
1060,748.1600000000012,-746.1600000000012
1061,698.0300000000015,-697.0300000000015
1062,718.3300000000012,-718.3300000000012
1063,778.8300000000005,-778.8300000000005
1064,673.0600000000014,-672.0600000000014
1065,758.5200000000011,-757.5200000000011
1066,793.2900000000013,-790.2900000000013
1067,653.4000000000012,-652.4000000000012
1068,812.8300000000017,-810.8300000000017
1069,818.680000000001,-818.680000000001
1070,637.7100000000012,-637.7100000000012
1071,793.3600000000013,-788.3600000000013
1072,678.6600000000011,-677.6600000000011
1073,878.6800000000011,-878.6800000000011
1074,893.4700000000014,-893.4700000000014
1075,678.9200000000009,-676.9200000000009
1076,673.3600000000012,-672.3600000000012
1077,693.1500000000013,-692.1500000000013
1078,778.3200000000012,-777.3200000000012
1079,793.500000000001,-793.500000000001
1080,623.9900000000007,-621.9900000000007
1081,643.5300000000011,-642.5300000000011
1082,732.9400000000011,-729.9400000000011
1083,698.6600000000009,-692.6600000000009
1084,778.3000000000013,-771.3000000000013
1085,723.4000000000011,-722.4000000000011
1086,773.1500000000017,-771.1500000000017
1087,768.0100000000015,-768.0100000000015
1088,658.3300000000011,-656.3300000000011
1089,727.9300000000017,-722.9300000000017
1090,798.560000000001,-792.560000000001
1091,788.0700000000015,-787.0700000000015
1092,718.6700000000011,-715.6700000000011
1093,703.6800000000007,-703.6800000000007
1094,748.1700000000012,-747.1700000000012
1095,868.3000000000011,-868.3000000000011
1096,698.3900000000009,-696.3900000000009
1097,788.4600000000012,-788.4600000000012
1098,788.7100000000012,-787.7100000000012
1099,863.4200000000012,-863.4200000000012
1100,778.9600000000007,-778.9600000000007
1101,833.0400000000014,-832.0400000000014
1102,843.6600000000011,-837.6600000000011
1103,838.3800000000014,-838.3800000000014
1104,748.4300000000014,-744.4300000000014
1105,618.690000000001,-616.690000000001
1106,788.3600000000015,-787.3600000000015
1107,668.8000000000011,-667.8000000000011
1108,638.5000000000013,-632.5000000000013
1109,648.9300000000007,-647.9300000000007
1110,723.4800000000012,-723.4800000000012
1111,758.6600000000009,-750.6600000000009
1112,463.2900000000006,-461.2900000000006
1113,693.1700000000013,-692.1700000000013
1114,813.4300000000013,-812.4300000000013
1115,743.5100000000012,-742.5100000000012
1116,603.4000000000009,-600.4000000000009
1117,698.2400000000015,-694.2400000000015
1118,508.3900000000009,-506.3900000000009
1119,808.7100000000011,-806.7100000000011
1120,718.9400000000007,-718.9400000000007
1121,898.6600000000012,-898.6600000000012
1122,708.6000000000012,-708.6000000000012
1123,738.2100000000011,-736.2100000000011
1124,843.3800000000012,-842.3800000000012
1125,758.5700000000008,-757.5700000000008
1126,763.3300000000013,-763.3300000000013
1127,648.160000000001,-647.160000000001
1128,743.4300000000009,-740.4300000000009
1129,873.3900000000015,-873.3900000000015
1130,748.3800000000011,-748.3800000000011
1131,838.5300000000013,-838.5300000000013
1132,658.8400000000009,-653.8400000000009
1133,603.5900000000009,-603.5900000000009
1134,828.3700000000014,-827.3700000000014
1135,794.0100000000009,-794.0100000000009
1136,614.1800000000006,-612.1800000000006
1137,658.730000000001,-658.730000000001
1138,663.7500000000009,-661.7500000000009
1139,658.5800000000012,-657.5800000000012
1140,739.1600000000008,-737.1600000000008
1141,663.7300000000009,-663.7300000000009
1142,568.4200000000013,-568.4200000000013
1143,789.2000000000007,-788.2000000000007
1144,653.3800000000012,-653.3800000000012
1145,679.3600000000006,-679.3600000000006
1146,543.6900000000007,-542.6900000000007
1147,643.2300000000013,-641.2300000000013
1148,793.5200000000012,-792.5200000000012
1149,728.7400000000009,-726.7400000000009
1150,828.7100000000012,-827.7100000000012
1151,728.840000000001,-728.840000000001
1152,673.6600000000011,-673.6600000000011
1153,808.2800000000016,-808.2800000000016
1154,713.8500000000008,-713.8500000000008
1155,713.6400000000011,-713.6400000000011
1156,698.3800000000009,-698.3800000000009
1157,783.6400000000011,-782.6400000000011
1158,778.4500000000014,-778.4500000000014
1159,688.2400000000015,-687.2400000000015
1160,903.3300000000015,-903.3300000000015
1161,628.6500000000009,-627.6500000000009
1162,673.2100000000013,-673.2100000000013
1163,773.3500000000015,-769.3500000000015
1164,783.3600000000012,-781.3600000000012
1165,728.580000000001,-727.580000000001
1166,743.2800000000015,-742.2800000000015
1167,883.4200000000013,-883.4200000000013
1168,803.2500000000015,-802.2500000000015
1169,873.6200000000013,-870.6200000000013
1170,728.7800000000011,-728.7800000000011
1171,898.7100000000012,-898.7100000000012
1172,673.730000000001,-672.730000000001
1173,508.3800000000006,-504.3800000000006
1174,678.5500000000011,-677.5500000000011
1175,794.0400000000009,-794.0400000000009
1176,738.840000000001,-738.840000000001
1177,678.4000000000012,-678.4000000000012
1178,748.8000000000011,-748.8000000000011
1179,658.810000000001,-658.810000000001
1180,673.6800000000012,-673.6800000000012
1181,838.7900000000011,-838.7900000000011
1182,638.3200000000008,-638.3200000000008
1183,698.660000000001,-698.660000000001
1184,668.0900000000016,-668.0900000000016
1185,733.810000000001,-730.810000000001
1186,918.8200000000011,-918.8200000000011
1187,753.5500000000011,-751.5500000000011
1188,498.7100000000006,-498.7100000000006
1189,753.2800000000015,-752.2800000000015
1190,558.6000000000013,-552.6000000000013
1191,698.6700000000011,-697.6700000000011
1192,723.6400000000011,-723.6400000000011
1193,673.760000000001,-671.760000000001
1194,643.5300000000012,-643.5300000000012
1195,593.8400000000006,-592.8400000000006
1196,782.6600000000019,-780.6600000000019
1197,763.3900000000014,-762.3900000000014
1198,673.2600000000012,-673.2600000000012
1199,708.700000000001,-708.700000000001
1200,703.3100000000013,-703.3100000000013
1201,728.1600000000011,-727.1600000000011
1202,743.3300000000011,-741.3300000000011
1203,678.4000000000012,-677.4000000000012
1204,728.7400000000009,-728.7400000000009
1205,648.5300000000011,-643.5300000000011
1206,733.1700000000016,-733.1700000000016
1207,798.1300000000015,-798.1300000000015
1208,883.690000000001,-882.690000000001
1209,713.6800000000012,-712.6800000000012
1210,743.560000000001,-743.560000000001
1211,693.2900000000012,-692.2900000000012
1212,708.4600000000011,-707.4600000000011
1213,693.2200000000015,-692.2200000000015
1214,693.2700000000013,-693.2700000000013
1215,708.5600000000011,-707.5600000000011
1216,563.490000000001,-563.490000000001
1217,718.4400000000012,-718.4400000000012
1218,633.3900000000012,-633.3900000000012
1219,697.9700000000015,-697.9700000000015
1220,658.680000000001,-658.680000000001
1221,702.8000000000012,-702.8000000000012
1222,768.790000000001,-768.790000000001
1223,708.0100000000014,-708.0100000000014
1224,658.1400000000015,-655.1400000000015
1225,748.1300000000014,-748.1300000000014
1226,698.720000000001,-698.720000000001
1227,702.9700000000017,-701.9700000000017
1228,723.1700000000016,-723.1700000000016
1229,703.9800000000008,-702.9800000000008
1230,703.3600000000014,-703.3600000000014
1231,528.3500000000006,-528.3500000000006
1232,788.5800000000013,-786.5800000000013
1233,773.4700000000013,-773.4700000000013
1234,608.5500000000011,-607.5500000000011
1235,698.690000000001,-698.690000000001
1236,608.1000000000016,-603.1000000000016
1237,628.2000000000014,-628.2000000000014
1238,673.4000000000011,-672.4000000000011
1239,718.3200000000014,-717.3200000000014
1240,718.0800000000015,-716.0800000000015
1241,708.0000000000016,-708.0000000000016
1242,838.620000000001,-838.620000000001
1243,682.6600000000019,-680.6600000000019
1244,778.590000000001,-777.590000000001
1245,747.9800000000014,-747.9800000000014
1246,573.8900000000004,-571.8900000000004
1247,578.360000000001,-577.360000000001
1248,728.8500000000009,-727.8500000000009
1249,683.4400000000011,-683.4400000000011
1250,603.4400000000011,-602.4400000000011
1251,613.530000000001,-613.530000000001
1252,613.6800000000007,-612.6800000000007
1253,573.6700000000009,-573.6700000000009
1254,598.8100000000009,-597.8100000000009
1255,688.0700000000012,-688.0700000000012
1256,648.3100000000012,-647.3100000000012
1257,643.4100000000009,-643.4100000000009
1258,517.860000000001,-515.860000000001
1259,648.5800000000011,-648.5800000000011
1260,533.0900000000009,-533.0900000000009
1261,662.8200000000013,-660.8200000000013
1262,602.930000000001,-600.930000000001
1263,587.8900000000014,-587.8900000000014
1264,683.6000000000009,-683.6000000000009
1265,728.4700000000012,-728.4700000000012
1266,658.5100000000009,-656.5100000000009
1267,588.160000000001,-582.160000000001
1268,728.2100000000012,-727.2100000000012
1269,617.7700000000016,-616.7700000000016
1270,743.0600000000012,-743.0600000000012
1271,688.2300000000014,-688.2300000000014
1272,618.2900000000012,-615.2900000000012
1273,692.9700000000014,-691.9700000000014
1274,578.0600000000014,-578.0600000000014
1275,553.190000000001,-551.190000000001
1276,677.9800000000012,-676.9800000000012
1277,653.0000000000015,-651.0000000000015
1278,582.9800000000015,-577.9800000000015
1279,592.5900000000016,-591.5900000000016
1280,698.1100000000015,-698.1100000000015
1281,838.4800000000012,-838.4800000000012
1282,578.1000000000008,-573.1000000000008
1283,523.1900000000009,-520.1900000000009
1284,633.3100000000012,-633.3100000000012
1285,647.6700000000014,-647.6700000000014
1286,527.8700000000011,-523.8700000000011
1287,703.2600000000012,-703.2600000000012
1288,577.7900000000013,-572.7900000000013
1289,607.9800000000008,-605.9800000000008
1290,657.8500000000015,-655.8500000000015
1291,642.7400000000016,-641.7400000000016
1292,577.9100000000011,-576.9100000000011
1293,708.2100000000013,-708.2100000000013
1294,818.1700000000014,-818.1700000000014
1295,593.0800000000012,-592.0800000000012
1296,647.9100000000012,-647.9100000000012
1297,557.5900000000017,-555.5900000000017
1298,752.9600000000015,-751.9600000000015
1299,598.3400000000012,-598.3400000000012
1300,677.8500000000014,-672.8500000000014
1301,662.6400000000015,-661.6400000000015
1302,583.5400000000009,-580.5400000000009
1303,598.1300000000011,-597.1300000000011
1304,463.030000000001,-462.030000000001
1305,613.350000000001,-606.350000000001
1306,633.110000000001,-631.110000000001
1307,677.7200000000016,-677.7200000000016
1308,812.9500000000016,-812.9500000000016
1309,532.9700000000004,-519.9700000000004
1310,657.8600000000016,-657.8600000000016
1311,493.17000000000104,-492.17000000000104
1312,522.6200000000007,-521.6200000000007
1313,797.8000000000017,-795.8000000000017
1314,613.7000000000008,-612.7000000000008
1315,483.0200000000003,-482.0200000000003
1316,678.4900000000011,-678.4900000000011
1317,478.47000000000077,-476.47000000000077
1318,527.8600000000007,-525.8600000000007
1319,477.56,-477.56
1320,728.3400000000013,-728.3400000000013
1321,458.1300000000001,-458.1300000000001
1322,798.2900000000012,-798.2900000000012
1323,708.0100000000015,-708.0100000000015
1324,657.9600000000014,-657.9600000000014
1325,583.1400000000011,-583.1400000000011
1326,708.2200000000013,-708.2200000000013
1327,613.5100000000009,-611.5100000000009
1328,647.8900000000016,-647.8900000000016
1329,627.9800000000014,-626.9800000000014
1330,642.5200000000013,-642.5200000000013
1331,607.8200000000015,-606.8200000000015
1332,512.7000000000007,-510.7000000000007
1333,617.8900000000015,-616.8900000000015
1334,577.9700000000015,-577.9700000000015
1335,662.8800000000016,-661.8800000000016
1336,557.9300000000013,-556.9300000000013
1337,603.620000000001,-603.620000000001
1338,687.9100000000014,-684.9100000000014
1339,683.1900000000011,-683.1900000000011
1340,417.6200000000004,-417.6200000000004
1341,577.830000000001,-577.830000000001
1342,688.1600000000013,-685.1600000000013
1343,648.1900000000011,-647.1900000000011
1344,557.5200000000017,-544.5200000000017
1345,568.0000000000014,-568.0000000000014
1346,542.8700000000015,-542.8700000000015
1347,513.1500000000005,-511.15000000000055
1348,558.3600000000005,-558.3600000000005
1349,757.9300000000014,-757.9300000000014
1350,588.1000000000007,-582.1000000000007
1351,558.0800000000008,-557.0800000000008
1352,692.8900000000016,-679.8900000000016
1353,698.0300000000012,-692.0300000000012
1354,833.0500000000015,-829.0500000000015
1355,667.8200000000013,-667.8200000000013
1356,758.3900000000009,-758.3900000000009
1357,802.5800000000016,-801.5800000000016
1358,808.2900000000014,-808.2900000000014
1359,727.9700000000013,-726.9700000000013
1360,728.3100000000013,-728.3100000000013
1361,718.500000000001,-718.500000000001
1362,587.8900000000014,-585.8900000000014
1363,677.8700000000016,-677.8700000000016
1364,718.0000000000015,-718.0000000000015
1365,687.9600000000015,-685.9600000000015
1366,472.84000000000003,-472.84000000000003
1367,518.120000000001,-518.120000000001
1368,552.8400000000014,-550.8400000000014
1369,647.9500000000016,-646.9500000000016
1370,472.7700000000001,-472.7700000000001
1371,528.2400000000009,-527.2400000000009
1372,573.5900000000009,-573.5900000000009
1373,677.7400000000017,-676.7400000000017
1374,657.7900000000016,-657.7900000000016
1375,668.0800000000015,-668.0800000000015
1376,597.6300000000017,-596.6300000000017
1377,382.82000000000005,-382.82000000000005
1378,588.1400000000012,-588.1400000000012
1379,393.1400000000006,-393.1400000000006
1380,562.6800000000018,-560.6800000000018
1381,547.9500000000004,-547.9500000000004
1382,648.1800000000014,-648.1800000000014
1383,607.8800000000016,-607.8800000000016
1384,537.9700000000013,-534.9700000000013
1385,588.000000000001,-583.000000000001
1386,587.8900000000016,-587.8900000000016
1387,587.6300000000016,-586.6300000000016
1388,543.1500000000009,-543.1500000000009
1389,357.95999999999987,-356.95999999999987
1390,583.2500000000014,-582.2500000000014
1391,583.1800000000013,-581.1800000000013
1392,638.3700000000013,-638.3700000000013
1393,537.9000000000016,-536.9000000000016
1394,597.7000000000015,-597.7000000000015
1395,617.8900000000012,-617.8900000000012
1396,608.0400000000013,-607.0400000000013
1397,527.9700000000017,-527.9700000000017
1398,527.6800000000014,-526.6800000000014
1399,358.32000000000033,-357.32000000000033
1400,497.69999999999976,-497.69999999999976
1401,432.8600000000004,-432.8600000000004
1402,578.0000000000015,-578.0000000000015
1403,663.2400000000014,-663.2400000000014
1404,758.0300000000016,-758.0300000000016
1405,547.5400000000016,-545.5400000000016
1406,662.8900000000017,-662.8900000000017
1407,617.9700000000016,-617.9700000000016
1408,518.1100000000008,-518.1100000000008
1409,657.7600000000016,-657.7600000000016
1410,568.400000000001,-568.400000000001
1411,758.0000000000016,-758.0000000000016
1412,538.0800000000016,-538.0800000000016
1413,547.3800000000016,-547.3800000000016
1414,602.9000000000015,-602.9000000000015
1415,518.1200000000003,-518.1200000000003
1416,372.5799999999999,-372.5799999999999
1417,652.8800000000017,-652.8800000000017
1418,492.98999999999995,-492.98999999999995
1419,558.0700000000013,-558.0700000000013
1420,538.1900000000011,-537.1900000000011
1421,387.92,-387.92
1422,557.7500000000016,-557.7500000000016
1423,727.7500000000017,-727.7500000000017
1424,612.9300000000015,-612.9300000000015
1425,658.0200000000016,-658.0200000000016
1426,622.8700000000015,-617.8700000000015
1427,362.48999999999995,-360.48999999999995
1428,688.0100000000015,-687.0100000000015
1429,688.1900000000013,-688.1900000000013
1430,668.1400000000014,-668.1400000000014
1431,682.9500000000016,-682.9500000000016
1432,563.2400000000013,-562.2400000000013
1433,558.1400000000015,-558.1400000000015
1434,657.7600000000016,-657.7600000000016
1435,438.3500000000003,-438.3500000000003
1436,568.1700000000016,-568.1700000000016
1437,617.9000000000015,-617.9000000000015
1438,597.9900000000016,-597.9900000000016
1439,538.2200000000013,-538.2200000000013
1440,657.7700000000016,-657.7700000000016
1441,627.9000000000017,-627.9000000000017
1442,608.0300000000016,-608.0300000000016
1443,568.0300000000013,-568.0300000000013
1444,517.7399999999997,-516.7399999999997
1445,508.11999999999983,-508.11999999999983
1446,487.58999999999975,-486.58999999999975
1447,578.1900000000014,-578.1900000000014
1448,578.3300000000012,-578.3300000000012
1449,528.0300000000015,-528.0300000000015
1450,597.8200000000015,-596.8200000000015
1451,527.9100000000016,-527.9100000000016
1452,537.9800000000015,-537.9800000000015
1453,538.1700000000012,-538.1700000000012
1454,507.89999999999975,-507.89999999999975
1455,508.02999999999963,-508.02999999999963
1456,497.72999999999973,-497.72999999999973
1457,597.8400000000015,-597.8400000000015
1458,538.0900000000012,-538.0900000000012
1459,628.2300000000014,-628.2300000000014
1460,718.1300000000015,-718.1300000000015
1461,537.8500000000014,-535.8500000000014
1462,538.2800000000013,-538.2800000000013
1463,617.8600000000016,-617.8600000000016
1464,362.9099999999999,-362.9099999999999
1465,463.49000000000024,-461.49000000000024
1466,527.9000000000013,-524.9000000000013
1467,568.3000000000013,-568.3000000000013
1468,377.8099999999999,-377.8099999999999
1469,618.1400000000011,-618.1400000000011
1470,667.8800000000014,-666.8800000000014
1471,568.0500000000015,-568.0500000000015
1472,477.82000000000016,-474.82000000000016
1473,687.7500000000016,-686.7500000000016
1474,718.590000000001,-718.590000000001
1475,597.8200000000007,-593.8200000000007
1476,653.0800000000011,-653.0800000000011
1477,367.62,-364.62
1478,557.6600000000016,-556.6600000000016
1479,577.8100000000018,-577.8100000000018
1480,558.090000000001,-556.090000000001
1481,483.21000000000026,-483.21000000000026
1482,687.8400000000015,-687.8400000000015
1483,617.9000000000015,-617.9000000000015
1484,517.9300000000007,-517.9300000000007
1485,472.75,-465.75
1486,418.1,-417.1
1487,537.4000000000017,-536.4000000000017
1488,597.8300000000015,-596.8300000000015
1489,638.2800000000013,-638.2800000000013
1490,577.5600000000011,-576.5600000000011
1491,518.4900000000008,-512.4900000000008
1492,607.9300000000015,-607.9300000000015
1493,647.9000000000015,-647.9000000000015
1494,657.6300000000017,-653.6300000000017
1495,508.14999999999986,-507.14999999999986
1496,538.2400000000007,-538.2400000000007
1497,698.2000000000014,-698.2000000000014
1498,688.0700000000015,-686.0700000000015
1499,578.3400000000012,-578.3400000000012
1500,627.7800000000017,-626.7800000000017
1501,438.2699999999999,-438.2699999999999
1502,468.04000000000053,-468.04000000000053
1503,498.20000000000044,-498.20000000000044
1504,517.5399999999997,-512.5399999999997
1505,497.5800000000001,-496.5800000000001
1506,668.2900000000013,-667.2900000000013
1507,558.0200000000015,-555.0200000000015
1508,688.1200000000014,-688.1200000000014
1509,677.8500000000016,-671.8500000000016
1510,678.1000000000013,-678.1000000000013
1511,582.8600000000015,-582.8600000000015
1512,677.7000000000018,-676.7000000000018
1513,658.0800000000016,-658.0800000000016
1514,628.1800000000014,-626.1800000000014
1515,632.7300000000017,-632.7300000000017
1516,667.8400000000015,-667.8400000000015
1517,638.2200000000015,-638.2200000000015
1518,717.7100000000016,-716.7100000000016
1519,567.6300000000016,-561.6300000000016
1520,557.9000000000016,-557.9000000000016
1521,497.97,-497.97
1522,578.0100000000008,-578.0100000000008
1523,483.0000000000001,-483.0000000000001
1524,547.7800000000017,-547.7800000000017
1525,567.9800000000015,-567.9800000000015
1526,578.1400000000015,-578.1400000000015
1527,618.2200000000016,-618.2200000000016
1528,658.1900000000014,-658.1900000000014
1529,657.9700000000015,-657.9700000000015
1530,547.9200000000014,-547.9200000000014
1531,477.9100000000003,-475.9100000000003
1532,672.8500000000015,-671.8500000000015
1533,527.7500000000016,-527.7500000000016
1534,563.3100000000011,-561.3100000000011
1535,638.1200000000015,-638.1200000000015
1536,452.7599999999998,-451.7599999999998
1537,518.2700000000007,-517.2700000000007
1538,587.7200000000015,-586.7200000000015
1539,598.0200000000015,-598.0200000000015
1540,518.2100000000006,-513.2100000000006
1541,693.1900000000014,-693.1900000000014
1542,708.450000000001,-708.450000000001
1543,593.4700000000009,-593.4700000000009
1544,543.1600000000013,-542.1600000000013
1545,688.2200000000012,-688.2200000000012
1546,502.87000000000063,-496.87000000000063
1547,453.10000000000076,-453.10000000000076
1548,607.7800000000016,-607.7800000000016
1549,603.330000000001,-602.330000000001
1550,667.9300000000014,-667.9300000000014
1551,557.8900000000015,-557.8900000000015
1552,708.0000000000014,-708.0000000000014
1553,598.2200000000015,-598.2200000000015
1554,408.08000000000027,-408.08000000000027
1555,548.04,-547.04
1556,598.0300000000015,-598.0300000000015
1557,537.8700000000015,-537.8700000000015
1558,463.2400000000003,-463.2400000000003
1559,587.8800000000016,-587.8800000000016
1560,537.9100000000003,-537.9100000000003
1561,577.7900000000017,-577.7900000000017
1562,498.1400000000001,-497.1400000000001
1563,558.3400000000006,-558.3400000000006
1564,598.4800000000013,-597.4800000000013
1565,358.5200000000007,-353.5200000000007
1566,508.2099999999998,-508.2099999999998
1567,607.9300000000014,-607.9300000000014
1568,497.8199999999997,-496.8199999999997
1569,507.90999999999985,-506.90999999999985
1570,533.4500000000011,-531.4500000000011
1571,342.56999999999994,-342.56999999999994
1572,657.6100000000015,-656.6100000000015
1573,518.0000000000005,-514.0000000000005
1574,558.0000000000014,-557.0000000000014
1575,638.1800000000013,-637.1800000000013
1576,587.7000000000015,-587.7000000000015
1577,568.0400000000011,-565.0400000000011
1578,558.0500000000013,-558.0500000000013
1579,498.06999999999965,-497.06999999999965
1580,648.0800000000014,-647.0800000000014
1581,558.0900000000014,-558.0900000000014
1582,467.69999999999976,-454.69999999999976
1583,568.1200000000014,-565.1200000000014
1584,368.1299999999998,-368.1299999999998
1585,417.89,-416.89
1586,557.8900000000014,-555.8900000000014
1587,498.03999999999985,-497.03999999999985
1588,518.04,-514.04
1589,558.1300000000015,-557.1300000000015
1590,587.9200000000014,-587.9200000000014
1591,697.8000000000013,-695.8000000000013
1592,487.5499999999997,-485.5499999999997
1593,507.5499999999997,-507.5499999999997
1594,547.9700000000015,-546.9700000000015
1595,233.54000000000002,-233.54000000000002
1596,627.6600000000014,-627.6600000000014
1597,538.8000000000006,-537.8000000000006
1598,558.0100000000014,-558.0100000000014
1599,497.65,-496.65
1600,498.2299999999999,-498.2299999999999
1601,487.7499999999999,-486.7499999999999
1602,469.1800000000004,-462.1800000000004
1603,567.2500000000013,-566.2500000000013
1604,498.42000000000013,-497.42000000000013
1605,517.7700000000012,-516.7700000000012
1606,567.9400000000011,-567.9400000000011
1607,537.870000000001,-537.870000000001
1608,528.110000000001,-528.110000000001
1609,323.3500000000004,-321.3500000000004
1610,547.9700000000015,-547.9700000000015
1611,537.8400000000013,-537.8400000000013
1612,538.0800000000013,-538.0800000000013
1613,548.5100000000011,-548.5100000000011
1614,517.9600000000013,-517.9600000000013
1615,597.7200000000012,-596.7200000000012
1616,579.2200000000005,-579.2200000000005
1617,538.8100000000006,-538.8100000000006
1618,508.4500000000007,-507.4500000000007
1619,492.75999999999993,-489.75999999999993
1620,538.5200000000008,-538.5200000000008
1621,579.2200000000003,-579.2200000000003
1622,518.5000000000008,-518.5000000000008
1623,498.65000000000066,-498.65000000000066
1624,508.2900000000005,-508.2900000000005
1625,518.7000000000007,-518.7000000000007
1626,538.7100000000007,-538.7100000000007
1627,569.2400000000002,-568.2400000000002
1628,498.2400000000001,-498.2400000000001
1629,498.0200000000004,-498.0200000000004
1630,537.4700000000013,-537.4700000000013
1631,538.1700000000009,-538.1700000000009
1632,498.69000000000034,-498.69000000000034
1633,548.3700000000009,-548.3700000000009
1634,478.5800000000001,-472.5800000000001
1635,538.3300000000008,-538.3300000000008
1636,518.5500000000008,-518.5500000000008
1637,538.4000000000008,-538.4000000000008
1638,497.95999999999987,-497.95999999999987
1639,488.54000000000065,-487.54000000000065
1640,618.2000000000008,-618.2000000000008
1641,488.44000000000034,-483.44000000000034
1642,529.2400000000004,-528.2400000000004
1643,498.4300000000005,-498.4300000000005
1644,578.0000000000011,-578.0000000000011
1645,498.22000000000077,-498.22000000000077
1646,499.2200000000004,-499.2200000000004
1647,538.5400000000008,-538.5400000000008
1648,529.0200000000004,-528.0200000000004
1649,537.9100000000011,-537.9100000000011
1650,487.5499999999997,-486.5499999999997
1651,498.0999999999999,-498.0999999999999
1652,538.3800000000011,-538.3800000000011
1653,538.8100000000006,-538.8100000000006
1654,487.70000000000016,-486.70000000000016
1655,539.2200000000004,-539.2200000000004
1656,528.1300000000009,-527.1300000000009
1657,498.1200000000009,-498.1200000000009
1658,498.03000000000094,-498.03000000000094
1659,498.5600000000006,-498.5600000000006
1660,569.1500000000003,-569.1500000000003
1661,497.9100000000001,-497.9100000000001
1662,578.3800000000008,-578.3800000000008
1663,578.440000000001,-578.440000000001
1664,497.90999999999985,-497.90999999999985
1665,498.8200000000003,-498.8200000000003
1666,498.9700000000005,-498.9700000000005
1667,478.28000000000026,-476.28000000000026
1668,498.6400000000007,-498.6400000000007
1669,479.12000000000046,-477.12000000000046
1670,527.960000000001,-526.960000000001
1671,518.2900000000012,-518.2900000000012
1672,548.7100000000006,-548.7100000000006
1673,608.1900000000011,-608.1900000000011
1674,538.1100000000012,-538.1100000000012
1675,518.380000000001,-518.380000000001
1676,539.1300000000003,-539.1300000000003
1677,578.5700000000007,-578.5700000000007
1678,488.63000000000056,-487.63000000000056
1679,498.5200000000007,-498.5200000000007
1680,539.2400000000005,-539.2400000000005
1681,578.8600000000006,-578.8600000000006
1682,508.5300000000006,-508.5300000000006
1683,499.2200000000004,-499.2200000000004
1684,499.2200000000004,-499.2200000000004
1685,498.7100000000006,-498.7100000000006
1686,499.22000000000025,-499.22000000000025
1687,498.4900000000006,-498.4900000000006
1688,488.2800000000008,-487.2800000000008
1689,569.2400000000005,-568.2400000000005
1690,533.1700000000008,-530.1700000000008
1691,538.5400000000006,-538.5400000000006
1692,538.7900000000006,-538.7900000000006
1693,548.2600000000008,-547.2600000000008
1694,498.89000000000055,-498.89000000000055
1695,488.67000000000064,-487.67000000000064
1696,537.8000000000011,-537.8000000000011
1697,498.8600000000006,-498.8600000000006
1698,498.81000000000057,-498.81000000000057
1699,528.7800000000007,-527.7800000000007
1700,588.310000000001,-587.310000000001
1701,498.2000000000001,-498.2000000000001
1702,499.12000000000046,-499.12000000000046
1703,538.2400000000009,-538.2400000000009
1704,562.7600000000011,-562.7600000000011
1705,538.7100000000006,-536.7100000000006
1706,579.2200000000003,-579.2200000000003
1707,528.5400000000008,-527.5400000000008
1708,539.0500000000004,-539.0500000000004
1709,499.24000000000035,-499.24000000000035
1710,557.6200000000013,-557.6200000000013
1711,539.0100000000004,-539.0100000000004
1712,538.5200000000007,-538.5200000000007
1713,528.1500000000012,-528.1500000000012
1714,538.9100000000005,-538.9100000000005
1715,538.8100000000005,-538.8100000000005
1716,478.6100000000007,-476.6100000000007
1717,489.2400000000004,-488.2400000000004
1718,578.8700000000006,-578.8700000000006
1719,529.0800000000005,-529.0800000000005
1720,498.2300000000008,-498.2300000000008
1721,499.2400000000004,-499.2400000000004
1722,509.2200000000004,-509.2200000000004
1723,539.2400000000002,-539.2400000000002
1724,488.5600000000007,-487.5600000000007
1725,579.2400000000004,-579.2400000000004
1726,548.8300000000006,-548.8300000000006
1727,539.2400000000004,-539.2400000000004
1728,498.83000000000055,-498.83000000000055
1729,499.22000000000037,-499.22000000000037
1730,497.8700000000001,-497.8700000000001
1731,617.7700000000011,-617.7700000000011
1732,579.2400000000002,-579.2400000000002
1733,498.3300000000008,-498.3300000000008
1734,538.4800000000008,-538.4800000000008
1735,578.8600000000006,-578.8600000000006
1736,538.7000000000006,-538.7000000000006
1737,498.43000000000075,-498.43000000000075
1738,538.8100000000005,-538.8100000000005
1739,529.1700000000003,-529.1700000000003
1740,489.13000000000045,-488.13000000000045
1741,529.1300000000003,-528.1300000000003
1742,538.6200000000007,-538.6200000000007
1743,488.62000000000063,-487.62000000000063
1744,538.6700000000006,-538.6700000000006
1745,549.0100000000004,-549.0100000000004
1746,539.2400000000004,-539.2400000000004
1747,538.9700000000005,-538.9700000000005
1748,498.5100000000008,-498.5100000000008
1749,539.1900000000004,-539.1900000000004
1750,569.2400000000005,-568.2400000000005
1751,499.0400000000004,-499.0400000000004
1752,579.2200000000003,-579.2200000000003
1753,498.3900000000008,-498.3900000000008
1754,579.2400000000002,-579.2400000000002
1755,538.4800000000008,-538.4800000000008
1756,499.24000000000035,-499.24000000000035
1757,498.4600000000006,-498.4600000000006
1758,499.22000000000025,-499.22000000000025
1759,498.5400000000007,-498.5400000000007
1760,538.1900000000009,-538.1900000000009
1761,498.7300000000006,-498.7300000000006
1762,499.24000000000035,-499.24000000000035
1763,489.01000000000045,-488.01000000000045
1764,529.0500000000004,-528.0500000000004
1765,489.1900000000004,-488.1900000000004
1766,538.6900000000006,-538.6900000000006
1767,539.2400000000004,-539.2400000000004
1768,579.2400000000005,-579.2400000000005
1769,498.5700000000007,-498.5700000000007
1770,487.980000000001,-482.980000000001
1771,499.2200000000004,-499.2200000000004
1772,498.6700000000006,-498.6700000000006
1773,498.7800000000006,-498.7800000000006
1774,539.2200000000004,-539.2200000000004
1775,499.2400000000004,-499.2400000000004
1776,499.24000000000035,-499.24000000000035
1777,618.1100000000008,-618.1100000000008
1778,498.5400000000007,-498.5400000000007
1779,498.64000000000067,-498.64000000000067
1780,538.3200000000008,-538.3200000000008
1781,519.2300000000004,-517.2300000000004
1782,488.40000000000083,-487.40000000000083
1783,498.5000000000007,-498.5000000000007
1784,488.5400000000007,-487.5400000000007
1785,498.64000000000067,-498.64000000000067
1786,539.2400000000004,-536.2400000000004
1787,528.3400000000008,-528.3400000000008
1788,579.2400000000004,-579.2400000000004
1789,638.4500000000006,-638.4500000000006
1790,527.840000000001,-526.840000000001
1791,578.6400000000007,-578.6400000000007
1792,498.17000000000087,-498.17000000000087
1793,509.2200000000004,-504.2200000000004
1794,538.8100000000006,-538.8100000000006
1795,499.0300000000005,-499.0300000000005
1796,519.1800000000003,-519.1800000000003
1797,578.0000000000009,-578.0000000000009
1798,567.6500000000012,-566.6500000000012
1799,547.9000000000011,-546.9000000000011
1800,698.5500000000006,-698.5500000000006
1801,493.64000000000067,-493.64000000000067
1802,588.8900000000006,-588.8900000000006
1803,589.1600000000004,-589.1600000000004
1804,598.4800000000008,-598.4800000000008
1805,578.6600000000007,-578.6600000000007
1806,528.6600000000007,-527.6600000000007
1807,499.2200000000004,-499.2200000000004
1808,578.080000000001,-578.080000000001
1809,528.9300000000005,-527.9300000000005
1810,539.2400000000004,-539.2400000000004
1811,528.6900000000006,-527.6900000000006
1812,539.2400000000004,-539.2400000000004
1813,578.1200000000009,-578.1200000000009
1814,619.2400000000002,-619.2400000000002
1815,489.05000000000047,-488.05000000000047
1816,537.930000000001,-537.930000000001
1817,538.2000000000008,-538.2000000000008
1818,658.7000000000007,-658.7000000000007
1819,568.7100000000006,-567.7100000000006
1820,478.76000000000056,-476.76000000000056
1821,539.2400000000004,-539.2400000000004
1822,548.4500000000007,-548.4500000000007
1823,579.2400000000005,-579.2400000000005
1824,599.2000000000003,-599.2000000000003
1825,578.6900000000006,-578.6900000000006
1826,558.0000000000013,-558.0000000000013
1827,577.880000000001,-577.880000000001
1828,617.9900000000009,-617.9900000000009
1829,529.2400000000004,-527.2400000000004
1830,649.4900000000001,-648.4900000000001
1831,539.2200000000004,-539.2200000000004
1832,539.1000000000004,-539.1000000000004
1833,638.6600000000007,-637.6600000000007
1834,568.5800000000007,-568.5800000000007
1835,568.6900000000006,-567.6900000000006
1836,499.1900000000004,-497.1900000000004
1837,578.4800000000008,-578.4800000000008
1838,529.2400000000004,-528.2400000000004
1839,589.0400000000004,-589.0400000000004
1840,589.2400000000005,-589.2400000000005
1841,638.2200000000009,-638.2200000000009
1842,528.8100000000005,-528.8100000000005
1843,659.1500000000004,-659.1500000000004
1844,578.8800000000005,-578.8800000000005
1845,488.32000000000085,-483.32000000000085
1846,568.6800000000006,-567.6800000000006
1847,649.2400000000004,-647.2400000000004
1848,649.2400000000004,-649.2400000000004
1849,619.2400000000004,-619.2400000000004
1850,538.5200000000007,-538.5200000000007
1851,579.0100000000004,-579.0100000000004
1852,519.2400000000004,-518.2400000000004
1853,659.2400000000004,-659.2400000000004
1854,539.2400000000004,-539.2400000000004
1855,618.7800000000005,-618.7800000000005
1856,628.7000000000006,-628.7000000000006
1857,648.7800000000007,-647.7800000000007
1858,697.4500000000012,-697.4500000000012
1859,629.2400000000002,-629.2400000000002
1860,598.6500000000007,-598.6500000000007
1861,608.7300000000006,-608.7300000000006
1862,579.2400000000004,-579.2400000000004
1863,649.2400000000002,-648.2400000000002
1864,719.2400000000004,-719.2400000000004
1865,578.5700000000006,-578.5700000000006
1866,568.6200000000007,-568.6200000000007
1867,579.2400000000002,-579.2400000000002
1868,499.24000000000035,-499.24000000000035
1869,579.2400000000005,-579.2400000000005
1870,659.1800000000005,-659.1800000000005
1871,609.2400000000004,-608.2400000000004
1872,498.68000000000063,-497.68000000000063
1873,609.2200000000003,-609.2200000000003
1874,519.0900000000005,-519.0900000000005
1875,538.7600000000006,-538.7600000000006
1876,549.2400000000004,-548.2400000000004
1877,619.2400000000004,-619.2400000000004
1878,699.2400000000004,-698.2400000000004
1879,628.8100000000006,-628.8100000000006
1880,619.2400000000004,-619.2400000000004
1881,539.2300000000004,-539.2300000000004
1882,609.2400000000004,-608.2400000000004
1883,499.24000000000035,-499.24000000000035
1884,619.2400000000004,-619.2400000000004
1885,538.5400000000008,-538.5400000000008
1886,739.2400000000005,-739.2400000000005
1887,519.2400000000004,-518.2400000000004
1888,619.2400000000004,-619.2400000000004
1889,629.2300000000004,-628.2300000000004
1890,599.2400000000004,-593.2400000000004
1891,599.2200000000003,-599.2200000000003
1892,579.2400000000004,-579.2400000000004
1893,539.3600000000002,-539.3600000000002
1894,579.2400000000004,-579.2400000000004
1895,539.2400000000004,-538.2400000000004
1896,609.2300000000004,-608.2300000000004
1897,499.24000000000035,-499.24000000000035
1898,549.0900000000005,-549.0900000000005
1899,619.2400000000004,-619.2400000000004
1900,499.24000000000035,-499.24000000000035
1901,658.7300000000006,-658.7300000000006
1902,649.2400000000004,-647.2400000000004
1903,609.2400000000002,-608.2400000000002
1904,618.9300000000005,-618.9300000000005
1905,619.2400000000005,-619.2400000000005
1906,538.7600000000006,-538.7600000000006
1907,558.8000000000005,-558.8000000000005
1908,718.5800000000006,-718.5800000000006
1909,548.6000000000007,-547.6000000000007
1910,729.2400000000002,-729.2400000000002
1911,629.2400000000004,-629.2400000000004
1912,498.85000000000053,-498.85000000000053
1913,619.2400000000004,-619.2400000000004
1914,579.0100000000004,-579.0100000000004
1915,588.4700000000007,-588.4700000000007
1916,619.2400000000005,-619.2400000000005
1917,539.2400000000004,-539.2400000000004
1918,578.6300000000007,-578.6300000000007
1919,619.2400000000004,-619.2400000000004
1920,519.2400000000004,-519.2400000000004
1921,579.1600000000004,-574.1600000000004
1922,698.6500000000007,-698.6500000000007
1923,699.2400000000002,-699.2400000000002
1924,478.6300000000006,-476.6300000000006
1925,599.2400000000004,-597.2400000000004
1926,579.2400000000004,-579.2400000000004
1927,538.6500000000007,-538.6500000000007
1928,699.2400000000002,-699.2400000000002
1929,498.65000000000066,-498.65000000000066
1930,619.2400000000004,-619.2400000000004
1931,708.8900000000004,-708.8900000000004
1932,609.1400000000004,-608.1400000000004
1933,579.2400000000004,-579.2400000000004
1934,549.2400000000004,-549.2400000000004
1935,559.2400000000005,-559.2400000000005
1936,539.2400000000002,-539.2400000000002
1937,589.1700000000004,-589.1700000000004
1938,629.2400000000004,-629.2400000000004
1939,679.2400000000005,-679.2400000000005
1940,539.2400000000004,-539.2400000000004
1941,597.4200000000014,-597.4200000000014
1942,568.9300000000005,-567.9300000000005
1943,518.6500000000007,-518.6500000000007
1944,609.2400000000004,-609.2400000000004
1945,548.9400000000005,-548.9400000000005
1946,509.24000000000035,-509.24000000000035
1947,578.5100000000007,-572.5100000000007
1948,608.9700000000005,-608.9700000000005
1949,589.2400000000004,-589.2400000000004
1950,689.2000000000005,-689.2000000000005
1951,649.1300000000005,-648.1300000000005
1952,618.7300000000006,-618.7300000000006
1953,639.2400000000002,-639.2400000000002
1954,498.62000000000063,-498.62000000000063
1955,619.2400000000004,-619.2400000000004
1956,548.7800000000007,-548.7800000000007
1957,617.930000000001,-617.930000000001
1958,649.2400000000005,-648.2400000000005
1959,619.2400000000002,-619.2400000000002
1960,529.2400000000004,-528.2400000000004
1961,499.24000000000035,-499.24000000000035
1962,538.0500000000009,-538.0500000000009
1963,529.2400000000004,-529.2400000000004
1964,619.2400000000004,-619.2400000000004
1965,539.1300000000005,-539.1300000000005
1966,579.2400000000004,-578.2400000000004
1967,619.0100000000004,-619.0100000000004
1968,668.5500000000008,-668.5500000000008
1969,618.6000000000007,-618.6000000000007
1970,579.2400000000005,-579.2400000000005
1971,539.2400000000004,-539.2400000000004
1972,569.2400000000004,-568.2400000000004
1973,559.2400000000004,-559.2400000000004
1974,619.2400000000004,-618.2400000000004
1975,659.2400000000004,-659.2400000000004
1976,619.2400000000005,-619.2400000000005
1977,619.0100000000004,-619.0100000000004
1978,539.2400000000004,-539.2400000000004
1979,508.7900000000006,-508.7900000000006
1980,659.2400000000004,-659.2400000000004
1981,539.2400000000004,-539.2400000000004
1982,618.5700000000007,-618.5700000000007
1983,659.2400000000004,-659.2400000000004
1984,539.2400000000004,-539.2400000000004
1985,579.2400000000004,-579.2400000000004
1986,619.2400000000004,-619.2400000000004
1987,619.2400000000004,-619.2400000000004
1988,677.4800000000012,-677.4800000000012
1989,538.5700000000007,-538.5700000000007
1990,629.2400000000004,-628.2400000000004
1991,498.73000000000064,-498.73000000000064
1992,539.2400000000004,-539.2400000000004
1993,579.2400000000004,-579.2400000000004
1994,659.2400000000002,-659.2400000000002
1995,499.24000000000035,-499.24000000000035
1996,499.24000000000035,-499.24000000000035
1997,719.0500000000004,-719.0500000000004
1998,609.2400000000004,-609.2400000000004
1999,538.6500000000007,-538.6500000000007
2000,579.2400000000002,-579.2400000000002
2001,618.9700000000005,-618.9700000000005
2002,599.2400000000004,-599.2400000000004
2003,579.2400000000004,-579.2400000000004
2004,779.0100000000004,-779.0100000000004
2005,618.6300000000007,-618.6300000000007
2006,579.0900000000005,-579.0900000000005
2007,539.2400000000004,-539.2400000000004
2008,469.24000000000035,-458.24000000000035
2009,529.2300000000004,-528.2300000000004
2010,539.2400000000002,-539.2400000000002
2011,489.24000000000035,-488.24000000000035
2012,659.2400000000005,-659.2400000000005
2013,498.7300000000006,-498.7300000000006
2014,538.5100000000007,-538.5100000000007
2015,578.5400000000008,-578.5400000000008
2016,539.2400000000004,-539.2400000000004
2017,579.2400000000002,-579.2400000000002
2018,659.2400000000002,-659.2400000000002
