episode,return
1,-136.4142135623731
2,-132.0
3,-142.8284271247462
4,-83.62236636408622
5,-6.195959492893327
6,-44.00714267493633
7,-187.07315985291848
8,-146.0
9,-141.0
10,-142.0
11,-140.4142135623731
12,-136.0
13,-137.0
14,60.40202025355339
15,-128.0
16,-140.8284271247462
17,-151.72792206135784
18,-130.0
19,-142.8284271247462
20,-121.6761902332485
21,-26.55129855222071
22,-136.0
23,-142.0
24,99.98780669118025
25,-135.0
26,-22.823376490862838
27,-74.492424049175
28,-129.0
29,-136.0
30,-153.48528137423858
31,-96.57568516986022
32,-142.0
33,-147.82842712474618
34,-143.0
35,-17.308657865101384
36,-126.0
37,-83.73506473629428
38,-141.0
39,-142.0
40,-74.14927829866737
41,-135.0
42,-287.1686142824235
43,-128.0
44,-142.0
45,-142.4142135623731
46,-137.0
47,-138.0
48,-144.0
49,-139.0
50,-103.26197667087546
51,-137.0
52,-141.0
53,65.60303038033005
54,-155.54624791833743
55,-189.8721497261418
56,77.33095244168788
57,-133.0
58,-362.27416997969516
59,-141.0
60,-147.8284271247462
61,-48.10764773832475
62,-85.63455967290592
63,-143.0
64,-136.0
65,-296.399061660723
66,-132.0
67,-144.40411229460642
68,-129.0
69,-131.0
70,63.36038969321077
71,-182.94321753800733
72,-136.0
73,-114.40411229460639
74,-146.0
75,-128.0
76,-133.0
77,-133.0
78,-1.5807358037435444
79,-136.0
80,-82.83556979968259
81,-130.0
82,-54.52186130069782
83,-145.96046148071048
84,-153.31370849898477
85,-123.0
86,-133.0
87,32.561399819987436
88,30.1177490060915
89,-124.0
90,-271.53910524340097
91,-142.0
92,-148.0
93,-151.14213562373095
94,-142.0
95,-321.6244584051392
96,-219.49956672411133
97,-134.0
98,-138.0
99,-163.21320343559643
100,-136.0
101,31.875108318972195
102,-134.0
103,-193.04372260139567
104,-138.0
105,-133.0
106,-91.87720036002521
107,28.84567106744929
108,-144.4142135623731
109,33.159379566434055
110,-134.0
111,-129.0
112,-132.58787847867995
113,-134.0
114,-152.0710678118655
115,-134.8284271247462
116,-134.0
117,-167.20310216782985
118,27.946176130837635
119,-135.0
120,-132.0
121,-141.2426406871193
122,-29.752308678997373
123,-150.17366491630685
124,-126.0
125,63.987806691180296
126,-2.2375900532358837
127,-45.078210486801886
128,-316.1198410471445
129,55.08831175456861
130,-76.07821048680188
131,-70.66399692442877
132,-140.0
133,-128.0
134,-137.0
135,18.975613382360535
136,119.85786437626905
137,-137.0
138,29.80404050710668
139,-133.0
140,-136.0
141,13.561399819987397
142,54.01724394270309
143,13.97561338236048
144,-140.0
145,-141.2426406871193
146,53.88730162779194
147,-143.0
148,-9.509667991878072
149,-156.74725804511405
150,-131.0
151,-211.36753236814715
152,-132.0
153,77.71572875253813
154,9.218254069479816
155,-130.30360723121802
156,-147.0
157,-97.29141392239829
158,-140.0
159,-132.0
160,-140.0
161,-131.0
162,-145.0
163,91.78679656440359
164,-131.0
165,-144.0
166,-45.10764773832476
167,-128.0
168,-127.0
169,-137.8284271247462
170,34.70353544371838
171,34.70353544371841
172,-53.80613254815975
173,-128.0
174,-205.07315985291845
175,-131.8284271247462
176,-131.0
177,-137.82842712474618
178,4.804040507106718
179,-222.42849891224606
180,-172.68838354206846
181,-138.0
182,66.12994231491122
183,-119.6761902332485
184,77.47308806541884
185,69.88730162779193
186,-144.2426406871193
187,66.84567106744936
188,-235.73001410241108
189,-133.0
190,-142.0
191,-138.82842712474618
192,75.98780669118028
193,-109.8772003600252
194,29.15937956643408
195,-137.8284271247462
196,-136.0
197,-129.0
198,63.98780669118028
199,-161.698484809835
200,-7.8233764908628345
201,-132.8284271247462
202,-261.13708498984755
203,-143.0
204,-49.30865786510142
205,-127.0
206,-123.0
207,-135.0
208,-136.0
209,-141.0
210,-0.02438661763952865
211,-132.0
212,-141.0
213,-140.0
214,-134.0
215,-129.4142135623731
216,-139.0
217,-148.24264068711932
218,8.18881681795692
219,-138.0
220,-107.67619023324865
221,-145.0710678118655
222,-139.0
223,-131.0
224,71.9878066911803
225,59.98780669118027
226,-142.07106781186548
227,-47.350288425444006
228,-130.0
229,85.71572875253811
230,36.360389693210806
231,-137.0
232,-129.8284271247462
233,6.661904883375719
234,-8.438600180012589
235,9.74516600406097
236,-136.0
237,-134.0
238,-74.04877323527901
239,-141.24264068711932
240,-141.0
241,-132.0
242,-144.0
243,-138.8284271247462
244,-46.894444302728346
245,-139.0
246,-140.2426406871193
247,-198.96046148071056
248,-139.0
249,-131.0
250,-136.0
251,-141.0
252,-134.0
253,-58.49242404917491
254,59.674098192195544
255,60.74516600406099
256,-97.17871555019018
257,-123.0
258,74.64466094067267
259,-149.0710678118655
260,-142.0
261,-143.0
262,-134.0
263,-149.0
264,62.57359312880719
265,-146.0
266,-135.0
267,-24.965512114593785
268,-137.0
269,-149.0
270,-145.24264068711932
271,-131.0
272,-136.0
273,-145.0
274,-130.0
275,-132.0
276,-128.0
277,-128.0
278,-126.0
279,-148.24264068711932
280,-90.5340546095176
281,-26.137084989847573
282,-145.0710678118655
283,-278.5411972844541
284,-137.8284271247462
285,-126.0
286,-138.0
287,-124.0
288,-137.0
289,-3.722871427474508
290,-355.4457428549493
291,-38.592929112563304
292,-141.0
293,-138.0
294,-137.0
295,-143.0
296,-135.0
297,-143.0
298,-160.29141392239842
299,-136.07106781186548
300,-139.0
1,-135.07071067811864
2,-132.0
3,-140.1414213562373
4,117.86116523516806
5,123.83812049733822
6,132.16238456605012
7,111.86791488260789
8,-146.0
9,-141.0
10,-142.0
11,-139.07071067811864
12,-136.0
13,-137.0
14,116.02867965644033
15,-128.1414213562373
16,-137.0
17,139.2795418535754
18,-130.0
19,-140.0
20,120.12329726952406
21,111.91827201635472
22,-136.0
23,-142.42426406871192
24,-145.0
25,-135.0
26,117.02304473782995
27,127.19695167279504
28,-129.0
29,-136.0
30,-145.0
31,138.68370490960976
32,-142.0
33,129.9422835533725
34,-143.0
35,129.31888168179563
36,-126.0
37,132.7712157415071
38,-141.0
39,-142.0
40,104.26446609406725
41,-135.0
42,115.87918471982869
43,-128.0
44,-142.0
45,-141.0
46,-137.0
47,-138.0
48,-144.0
49,-139.0
50,120.80111472882926
51,-137.0
52,-141.0
53,-141.0
54,121.82979438526966
55,135.20588745030457
56,-140.0
57,-133.0
58,-114.99766594028871
59,-141.0
60,140.6837049096097
61,104.9215728752538
62,118.30258659140547
63,-143.0
64,-136.1414213562373
65,119.97182540694796
66,-132.1414213562373
67,86.73690116645618
68,-129.0
69,-131.0
70,139.43725830020304
71,128.75969337259204
72,-136.28284271247458
73,117.58334777586295
74,-146.0
75,-128.21213203435593
76,-133.0
77,-133.0
78,-123.35355339059329
79,129.61801948466055
80,98.71385642862624
81,-130.0
82,129.0531962568465
83,93.25944084089785
84,-138.0
85,-123.21213203435597
86,-133.0
87,-141.0
88,124.19375541594853
89,117.41238456605008
90,128.07685066011732
91,113.29081169079629
92,131.28812049733813
93,134.9564971157455
94,135.2209632098128
95,112.5070021791338
96,98.7170526854727
97,-134.1414213562373
98,111.84436508138957
99,132.05441558772844
100,119.53517677218592
101,-131.08700576850887
102,-134.70710678118655
103,128.90086219713496
104,133.81801948466054
105,126.69669914110086
106,128.04461761308383
107,106.19081169079631
108,-143.28284271247463
109,124.78248557872779
110,-133.0
111,122.51446609406716
112,125.87624099467641
113,122.86116523516806
114,-133.2476659402887
115,-132.22253967444163
116,122.13898269447328
117,117.93065658240478
118,126.47512626584708
119,112.10700217913391
120,108.62060607606604
121,134.57157287525376
122,104.73898269447332
123,101.45553031655773
124,110.48873016277912
125,125.22598846298223
126,109.93101371615163
127,119.50588745030453
128,108.1963420073541
129,116.52598846298221
130,125.20380592228753
131,127.17157287525382
132,121.6259884629822
133,101.58664863476203
134,-142.65685424949234
135,-137.7669047558312
136,-150.12132034355963
137,121.13309524416876
138,-140.7110173055266
139,-135.96274169979696
140,121.16949134723663
141,117.08162338159262
142,119.7623845660501
143,-143.36812408671318
144,121.67832252269358
145,113.3147186257614
146,-119.8015764646288
147,137.58309524416887
148,-132.37279220613578
149,-117.81751442127221
150,97.63101371615159
151,-141.26274169979695
152,-112.99030662740799
153,-132.0698484809835
154,-124.28284271247462
155,-128.97939392393397
156,136.88898269447336
157,-127.9208152801713
158,123.17329726952417
159,-134.55634918610403
160,-131.6376154339498
161,93.26446609406723
162,141.32512626584713
163,134.64878066911797
164,-131.7778174593052
165,111.13370490960973
166,112.11324676318524
167,108.68162338159259
168,129.11091270347396
169,115.21507575950822
170,-129.80893577750953
171,134.3795418535756
172,126.22207793864209
173,119.92893218813448
174,99.3780699909993
175,-129.0
176,-131.0
177,125.77537879754124
178,116.25908370715099
179,112.22979438526964
180,100.95883117545682
181,-138.0
182,131.19020202535538
183,113.58126624784582
184,134.13015151901638
185,-138.07071067811864
186,-140.0
187,132.4908116907965
188,106.10492065111676
189,126.22096320981278
190,131.09253608506666
191,128.47954185357568
192,128.97867965644042
193,106.0452272785248
194,104.40405845398158
195,118.26202743230334
196,127.48040405071069
197,-129.0
198,125.56558082289662
199,122.90674964743972
200,119.09253608506666
201,111.80674964743964
202,113.5804040507107
203,118.0943650813896
204,109.48395744130389
205,110.95994590428619
206,101.03507217013322
207,128.56446609406737
208,113.57954185357548
209,132.51532829120242
210,115.84903320081219
211,129.07867965644036
212,126.17746032555839
213,132.39522727852486
214,123.2289321881345
215,111.11410896032044
216,127.69669914110091
217,126.82893218813449
218,120.30172439427034
219,-139.87167747730643
220,124.67537879754123
221,102.20735931288071
222,133.39878066911814
223,114.15441558772845
224,128.99375541594839
225,114.1818759132868
226,126.52304473782995
227,100.28273811042197
228,-130.26274169979695
229,-140.36274169979694
230,121.50172439427027
231,131.20086219713514
232,112.22390693496507
233,-127.64472221513641
234,106.78481963843906
235,119.33395744130391
236,113.53725830020304
237,102.55405845398154
238,-122.6334523779156
239,128.84020202535532
240,120.337258300203
241,-125.7698484809835
242,129.7931457505077
243,118.36030303803291
244,130.81949134723666
245,136.47157287525383
246,119.81801948466052
247,93.59461761308374
248,122.41619048833756
249,-127.4062445840514
250,134.7958369439657
251,123.53309524416875
252,121.6837049096098
253,132.28664863476223
254,129.16152236891497
255,110.32979438526965
256,117.49400794764273
257,85.23629150101524
258,123.61385642862624
259,131.22096320981294
260,132.55319625684643
261,132.8310137161516
262,128.22806999099947
263,146.6408116907963
264,-133.11335136523795
265,125.34314575050766
266,131.9351767721859
267,125.94106422249047
268,126.10588745030455
269,143.32096320981282
270,131.95233405971138
271,113.55233405971128
272,121.42806999099925
273,128.3259884629822
274,109.90086219713514
275,122.698780669118
276,108.2561399819987
277,108.67537879754124
278,103.03776336359141
279,138.39583694396555
280,115.30908370715099
281,112.35319625684636
282,127.46238456605016
283,69.9276082551999
284,122.97954185357547
285,106.47746032555831
286,109.18334777586294
287,117.77746032555831
288,115.88542930388012
289,130.42329726952423
290,118.25050506338829
291,-140.7556349186104
292,137.41299423149104
293,124.64817100367696
294,133.11740981921963
295,127.3076118445749
296,133.40025253169418
297,-136.7284271247462
298,97.06288962943846
299,124.3715728752538
300,121.54192641962564
1,-135.28284271247463
2,-132.0
3,-140.56568542494927
4,-165.4322943214974
5,104.36080810142127
6,107.2838528392513
7,51.52018766785537
8,-146.0
9,-141.0
10,-142.0
11,-139.28284271247463
12,-136.0
13,-137.0
14,102.62598846298218
15,-129.13137084989853
16,-138.0485281374239
17,117.641212152132
18,-130.0
19,-140.0
20,62.97704191734775
21,79.86720061511431
22,-136.0
23,-142.0
24,136.87451660040597
25,-135.28284271247463
26,-156.9078210486802
27,-165.02396820942897
28,-129.0
29,-136.0
30,-145.8485281374239
31,-139.28284271247463
32,-142.0
33,124.01177490060911
34,-143.0
35,-155.19655121145934
36,-126.0
37,82.46232329158632
38,-141.0
39,-142.0
40,78.9441558772843
41,-135.0
42,53.42313139300766
43,-128.56568542494927
44,-142.0
45,-141.0
46,-137.0
47,-138.0
48,-144.0
49,-139.0
50,90.56425688996192
51,-137.0
52,-141.0
53,-141.0
54,85.41034636562188
55,119.85786437626906
56,113.28385283925127
57,-134.13137084989853
58,91.02455992799493
59,-142.13137084989853
60,-145.69705627484774
61,72.44466094067259
62,81.55004332758885
63,-143.0
64,-136.0
65,-142.3577777210913
66,-132.0
67,51.3902453529442
68,-129.0
69,-131.56568542494927
70,-143.0
71,55.63490629361685
72,-137.13137084989853
73,74.44810972921324
74,-146.0
75,-128.56568542494927
76,-133.0
77,-133.0
78,-124.13137084989847
79,-136.0
80,70.03532470182742
81,-130.0
82,-176.98132752230967
83,80.23288604006343
84,-138.0
85,-123.56568542494924
86,-133.56568542494927
87,126.69461761308371
88,71.50008665517772
89,-125.41421356237309
90,83.68730162779191
91,-142.0
92,121.52060607606599
93,125.8661904883374
94,-142.0
95,45.0775469807361
96,55.21724394270313
97,-134.0
98,-138.0
99,128.65197692596448
100,-136.56568542494927
101,89.01867247769039
102,-134.56568542494927
103,108.99512267647208
104,-138.0
105,-133.0
106,100.61278502738583
107,96.23776336359137
108,-143.0
109,111.59756133823602
110,101.47451660040609
111,-129.0
112,90.88242430426402
113,96.79512267647209
114,-146.1313708498985
115,-132.0
116,-134.56568542494927
117,70.67064940365492
118,-142.0
119,89.98334777586297
120,106.12304473782993
121,-137.56568542494927
122,79.55248198935278
123,61.07998564250006
124,-126.28284271247462
125,-134.56568542494927
126,-130.0
127,119.2377633635914
128,57.428008716535565
129,-136.0
130,95.75004332758886
131,113.9892352261675
132,-141.13137084989853
133,-129.13137084989847
134,-137.0
135,-139.56568542494927
136,-148.0
137,-137.0
138,-143.0
139,-133.84852813742387
140,96.7666955517259
141,92.83532470182745
142,-140.0
143,108.76913421348982
144,-140.0
145,-137.0
146,-138.69705627484774
147,-143.0
148,96.11227996399742
149,73.67653685395943
150,-131.04852813742386
151,118.06619048833755
152,-132.0
153,113.56324676318525
154,-124.0
155,88.42943725152284
156,-147.0
157,86.00445891531731
158,-140.0
159,-132.0
160,-140.0
161,71.31572875253808
162,-145.0
163,-140.28284271247463
164,-131.0
165,-144.0
166,103.34070708874364
167,-128.56568542494927
168,-127.0
169,-135.56568542494927
170,118.80344878854059
171,-141.56568542494927
172,-141.0
173,-128.0
174,-141.09848480983499
175,-129.0
176,-131.0
177,-136.93137084989849
178,63.84567106744931
179,68.64810972921325
180,48.50008665517778
181,-138.0
182,76.9240548646066
183,39.87510831897218
184,121.91471862576137
185,105.24608947565989
186,-140.56568542494927
187,-134.0
188,44.67165953043154
189,-133.0
190,-142.0
191,-136.0
192,-140.0
193,66.00202025355335
194,70.66821074189087
195,-135.56568542494927
196,-136.0
197,-129.48284271247462
198,98.38435790263966
199,-132.39999999999998
200,101.17847045233503
201,-130.56568542494927
202,62.17460325558385
203,-143.0
204,80.20689757708121
205,-126.76568542494924
206,-123.0
207,-135.0
208,-136.0
209,-141.0
210,68.08141417748733
211,113.80933623884512
212,-141.0
213,-140.0
214,-134.56568542494927
215,-128.28284271247463
216,-139.76568542494925
217,-144.28284271247463
218,90.20101012677668
219,-138.0
220,94.761818228198
221,-132.39999999999998
222,-139.0
223,-131.0
224,108.25786437626901
225,85.39613280324876
226,-134.0
227,78.93339110345181
228,-130.0
229,88.71329009077417
230,83.3250649913832
231,-137.0
232,-127.0
233,109.77258300203043
234,72.1926840147081
235,83.10740264046953
236,-136.0
237,-134.0
238,96.26131316480964
239,-137.0
240,-141.0
241,-133.53137084989848
242,-144.56568542494927
243,-136.0
244,80.53927855375643
245,-139.0
246,-136.0
247,43.282424304264026
248,-139.0
249,-132.1313708498985
250,-136.0
251,-141.0
252,-134.8485281374239
253,98.07308806541877
254,100.00101012677663
255,108.54903320081219
256,81.4020202535533
257,-123.56568542494924
258,111.56669555172586
259,-142.0
260,-142.0
261,-143.56568542494927
262,-135.41421356237313
263,136.31471862576143
264,102.09562773986043
265,130.72060607606602
266,-135.56568542494927
267,-161.8582827844797
268,-137.0
269,123.68873016277921
270,-141.0
271,-131.8485281374239
272,97.5985714650127
273,-145.0
274,-130.0
275,110.1005050633883
276,-128.28284271247463
277,-128.0
278,-126.0
279,130.8804040507105
280,82.52750365314724
281,93.59857146501271
282,110.0495382642005
283,37.90353544371835
284,-135.56568542494924
285,-126.0
286,106.73238097667515
287,-125.13137084989847
288,108.39756133823605
289,106.29562773986044
290,-175.80874452027913
291,128.5063925136929
292,-148.91959594928935
293,105.68974028955581
294,114.95248198935283
295,-174.06660889654825
296,98.30740264046952
297,-157.19066376115484
298,56.279985642500044
299,84.86131316480963
300,111.48873016277919
301,88.51329009077415
302,91.31085142901016
303,80.48486296602796
304,108.11227996399744
305,105.29217895131977
306,-130.0
307,77.29663786663708
308,-141.56568542494924
309,98.76181822819798
310,-134.56568542494927
311,113.70395385192896
312,105.12994231491118
313,57.26577208012694
314,103.52649352637053
315,100.21278502738582
316,118.90050506338828
317,93.60445891531728
318,-160.64305909532993
319,74.62212126623098
320,77.17603179057106
321,84.05054839097718
322,-148.48528137423858
323,-168.49848480983496
324,95.31572875253806
325,-144.91959594928935
326,44.9143002175508
327,98.25298705274109
328,101.58435790263962
329,70.03978361714472
330,-155.498484809835
331,90.70984130223347
332,-153.74802307403553
333,88.9701443402665
334,62.53339110345178
335,91.39857146501272
336,88.94171721552028
337,115.35248198935282
338,66.49318907809642
339,84.19024535294416
340,76.7534921161295
341,76.62212126623095
342,-151.3279220613579
343,-155.1823376490863
344,80.59268401470815
345,-144.44507934888324
346,77.54171721552026
347,87.578470452335
348,109.8921789513198
349,64.8907504163325
350,79.65643584128175
351,63.57704191734777
352,64.75105345436549
353,78.53095244168784
354,99.27308806541882
355,-136.13137084989847
356,43.84911985598991
357,65.51917754107868
358,102.0804040507106
359,-148.3539105243401
360,-148.09116882454313
361,-156.61665222413706
362,79.47552672718277
363,-151.14213562373095
364,49.887301627791885
365,98.2529870527411
366,119.99512267647206
367,86.50984130223353
368,114.65786437626906
369,80.55593077789341
370,99.33238097667513
371,104.08629150101522
372,63.90740264046957
373,108.99512267647209
374,-150.32203461105325
375,-154.49604614807103
376,-145.61665222413706
377,95.720606076066
378,-149.01076477383248
379,-145.78822509939087
380,-140.65685424949237
381,-150.28528137423856
382,-139.5254833995939
383,-142.98233764908628
384,-139.61665222413706
385,-135.74802307403553
386,-133.39411254969542
387,-137.79411254969543
388,-148.48528137423858
389,-130.2225396744416
390,-134.8284271247462
391,-139.13137084989847
392,-139.13137084989847
393,-137.11126983722082
394,-140.65685424949237
395,-142.07939392393402
396,-143.39411254969542
397,-144.31370849898474
398,-143.35391052434008
399,-156.4048773235279
400,85.74415587728431
401,95.06131316480966
402,88.28974028955585
403,102.58923522616753
404,94.27552672718276
405,87.41522368914974
406,89.78679656440357
407,101.52649352637056
408,93.70050506338833
409,96.33238097667514
410,103.77502166379442
411,-141.44507934888324
412,100.01522368914976
413,94.82943725152288
414,79.55248198935283
415,94.1122799639975
416,79.5867965644036
417,103.85786437626905
418,-150.1823376490863
419,-154.14213562373095
420,90.25542571450511
421,-142.96812408671326
422,-147.78822509939084
423,-142.5254833995939
424,-140.78822509939084
425,-140.09116882454313
426,-133.6970562748477
427,-139.5254833995939
428,-137.5254833995939
429,-133.26274169979695
430,-131.26274169979695
431,-147.6970562748477
432,-139.95979797464472
433,-136.6970562748477
434,-140.01076477383245
435,-140.35391052434008
436,97.19756133823603
437,104.47796538894673
438,99.17502166379444
439,110.78090911409899
440,123.14903320081218
441,74.1299423149112
442,105.38923522616753
443,69.92161620284264
444,74.64365081389592
445,69.26375182657362
446,87.70395385192897
447,81.1583694396574
448,108.32405486460665
449,111.89217895131982
450,63.90639251369291
451,79.41177490060912
452,117.69461761308378
453,-148.95979797464466
454,105.63776336359138
455,75.2838528392513
456,-135.11126983722085
457,76.03288604006345
458,78.44121215213197
459,-122.82842712474618
460,107.07207793864215
461,-137.9254833995939
462,35.88242430426403
463,95.85786437626905
464,99.76425688996196
465,116.99512267647208
466,109.4460894756599
467,94.65542571450507
468,-144.6970562748477
469,-131.57989898732234
470,77.41034636562182
471,89.38191924087566
472,98.66963927687819
473,54.21379515416247
474,120.94070708874364
475,-125.26274169979695
476,89.33582976521572
477,83.96181822819797
478,70.78435790263957
479,-145.6970562748477
480,99.81867247769036
481,-139.56568542494924
482,-143.76568542494925
483,84.40101012677667
484,110.6637518265736
485,75.89663786663708
486,76.682424304264
487,-142.13137084989847
488,107.22111113945431
489,117.20101012677668
490,92.74659453904823
491,118.8779653889467
492,68.4598846298224
493,67.96282835497466
494,87.2162338159264
495,81.2921789513198
496,100.7666955517259
497,93.51816741430207
498,99.49806640162438
499,-127.26274169979695
500,71.3108514290102
1,-135.28284271247463
2,-132.0
3,-140.56568542494927
4,-117.43229432149742
5,652.3608081014214
6,662.1784704523351
7,565.3711544670434
8,-146.0
9,-141.0
10,-142.0
11,-139.28284271247463
12,-136.0
13,-137.0
14,622.7147186257617
15,-128.56568542494927
16,-137.2
17,714.143145750507
18,-130.0
19,-140.0
20,-100.1460028204822
21,573.8127850273856
22,-136.0
23,-142.0
24,701.0779653889468
25,-135.0
26,615.1074026404697
27,648.5794805791114
28,-129.0
29,-136.0
30,-145.0
31,668.5417172155201
32,-142.0
33,683.274516600406
34,-143.0
35,677.9985714650127
36,-126.0
37,637.5226263296191
38,-141.0
39,-144.5455844122716
40,574.566695551726
41,-135.0
42,581.6799856424997
43,-128.0
44,-142.0
45,-141.0
46,-137.0
47,-138.76568542494925
48,-144.0
49,-139.0
50,592.4505483909769
51,-137.0
52,-141.0
53,676.4176623509137
54,635.3735931288072
55,636.7677056785026
56,633.0588745030453
57,-134.41421356237313
58,593.2858730928049
59,-141.0
60,-145.13137084989847
61,563.6422222789088
62,567.1603896932105
63,-143.0
64,-136.0
65,572.6667822069035
66,591.8318759132864
67,516.0269985897587
68,-129.0
69,-131.0
70,-143.56568542494927
71,628.5687158052791
72,-136.0
73,-122.79797974644667
74,-146.0
75,-128.0
76,-133.0
77,-133.0
78,582.4789755157233
79,-136.0
80,545.2814141774874
81,637.4779653889462
82,613.2824243042639
83,561.1735931288073
84,-138.96568542494924
85,-123.0
86,-133.0
87,-144.95979797464466
88,641.6564358412818
89,-124.0
90,628.8730880654186
91,-142.0
92,-140.0
93,-138.6970562748477
94,-142.0
95,569.244242532462
96,542.6196826044666
97,-135.1313708498985
98,-141.39411254969542
99,650.3951226764729
100,-136.0
101,581.9853680294166
102,605.6034487885415
103,595.7819192408757
104,-138.0
105,-133.0
106,600.4883117545688
107,564.6578643762695
108,655.5691342134902
109,601.6804040507111
110,568.9608081014214
111,600.1147186257618
112,673.1559307778934
113,563.1382684269795
114,-146.6970562748477
115,-132.56568542494927
116,-135.13137084989847
117,586.0657720801273
118,626.8696392768782
119,547.0779653889468
120,557.0235498012185
121,-126.13137084989847
122,-148.63086578651016
123,568.1603896932108
124,-127.41421356237309
125,-149.5563491861041
126,562.9593795664337
127,-142.6970562748477
128,541.5902453529444
129,-137.1313708498985
130,646.333391103452
131,-137.1313708498985
132,593.9867965644038
133,-128.56568542494924
134,-157.19898987322335
135,590.8720779386424
136,-176.00142853498727
137,600.132380976675
138,645.6578643762688
139,579.0269985897595
140,-136.56568542494924
141,573.0931890780964
142,626.9774603255586
143,602.9608081014217
144,580.3465945390486
145,-137.56568542494924
146,537.1975613382365
147,-143.0
148,527.2883117545684
149,569.9981530568023
150,-133.31126983722086
151,-139.0
152,-132.0
153,619.8117749006094
154,-124.0
155,615.8044589153176
156,-147.0
157,592.8373449553809
158,-140.0
159,-132.0
160,660.5431457505076
161,531.2010101267773
162,-145.0
163,-140.0
164,-131.0
165,-144.0
166,595.8363348286047
167,-128.0
168,-127.0
169,-135.0
170,639.7524819893526
171,-141.0
172,-141.0
173,-128.0
174,553.0064791688709
175,-129.0
176,-131.0
177,-137.37989898732235
178,606.7049639787056
179,601.4554257145056
180,-155.73523804664978
181,-138.0
182,-138.16568542494923
183,564.3402886805329
184,-139.0
185,-138.0
186,-140.0
187,-134.0
188,538.0667822069042
189,-133.0
190,-142.0
191,-136.0
192,-140.0
193,574.2103463656223
194,593.9549206511167
195,-135.0
196,-136.0
197,-129.0
198,621.6862915010153
199,-132.76568542494925
200,634.3417172155205
201,-130.0
202,603.6255700547712
203,-143.0
204,542.9632467631856
205,-126.0
206,-123.0
207,-135.0
208,-136.0
209,-141.0
210,534.0353247018274
211,-132.0
212,-141.0
213,-140.0
214,-134.0
215,-128.0
216,-139.0
217,-144.0
218,553.9632467631851
219,-138.0
220,-138.0
221,-133.53137084989845
222,-139.0
223,-131.0
224,-137.0
225,-131.0
226,-134.0
227,-129.0
228,-130.0
229,637.8235498012185
230,-142.0
231,-137.0
232,-127.0
233,-140.0
234,-125.48284271247462
235,-135.0
236,-136.0
237,-134.0
238,-131.0
239,-137.0
240,-141.0
241,-132.0
242,-144.0
243,-136.0
244,664.6637518265736
245,-139.0
246,-136.0
247,530.7250649913835
248,-139.0
249,-131.0
250,-136.0
251,-141.0
252,-134.0
253,-140.0
254,-143.2
255,-129.0
256,-133.0
257,-123.0
258,-134.0
259,-142.0
260,-142.0
261,-143.0
262,-134.0
263,-149.0
264,-136.0
265,-146.0
266,-135.0
267,608.7368398919926
268,-137.0
269,-149.0
270,-142.1313708498985
271,-131.0
272,-136.0
273,-145.0
274,-130.0
275,-132.0
276,-128.0
277,-128.28284271247463
278,-126.0
279,695.6755267271826
280,-136.0
281,-138.56568542494927
282,-138.0
283,-132.0
284,-135.0
285,-126.0
286,-138.0
287,-124.0
288,-137.0
289,648.8495382642003
290,-135.0
291,-145.0
292,-141.0
293,-138.0
294,-137.0
295,-143.0
296,-135.0
297,-143.0
298,-78.35777772109132
299,-129.0
300,-139.0
301,646.1299423149115
302,-129.0
303,-133.0
304,-134.0
305,-138.0
306,-130.56568542494927
307,-132.0
308,-141.0
309,-139.0
310,-134.0
311,-140.0
312,-141.0
313,-139.1470129472589
314,-139.0
315,-132.0
316,-135.0
317,-133.0
318,522.8020202535535
319,543.5476046658246
320,-133.0
321,-131.0
322,-140.0
323,663.1431457505076
324,-131.0
325,-137.0
326,-133.0
327,-137.0
328,-141.0
329,-134.0
330,-137.0
331,-126.0
332,-143.0
333,-133.0
334,-123.0
335,-142.0
336,-135.0
337,-139.0
338,601.3819192408758
339,-138.0
340,-136.0
341,-138.0
342,-137.0
343,-145.0
344,-118.0
345,-132.0
346,596.468210741891
347,-128.0
348,-137.0
349,-126.33137084989848
350,604.5392785537571
351,-135.0
352,-132.0
353,-142.0
354,644.4117749006091
355,-135.0
356,-134.0
357,627.7500433275891
358,-134.0
359,666.6446609406726
360,-143.0
361,-147.0
362,-131.0
363,-137.0
364,-118.0
365,-139.2
366,-138.84852813742387
367,599.226998589759
368,-137.0
369,-136.0
370,-131.0
371,-141.0
372,-129.0
373,-137.28284271247463
374,-134.0
375,-133.0
376,-137.13137084989847
377,-138.0
378,-136.0
379,598.1226263296195
380,-153.97056274847716
381,652.860303038033
382,-135.0
383,-132.0
384,-130.56568542494927
385,-125.0
386,-130.0
387,532.7122799639974
388,-140.0
389,-124.0
390,623.770144340267
391,-138.0
392,-138.0
393,-134.0
394,-135.0
395,636.7892352261673
396,-140.0
397,-133.0
398,574.5701443402664
399,-140.0
400,-136.0
401,-133.0
402,-145.0
403,-136.0
404,-138.0
405,-131.0
406,616.2588745030458
407,-132.0
408,-126.0
409,-134.0
410,-122.0
411,565.3147186257622
412,-138.0
413,-134.0
414,570.051558517754
415,-141.0
416,-139.0
417,629.901515190165
418,-140.0
419,-140.0
420,-132.0
421,-134.0
422,-141.0
423,-138.0
424,-134.0
425,601.2814141774874
426,-132.0
427,-135.0
428,613.6044589153177
429,611.7407070887433
430,-129.0
431,-146.0
432,-136.0
433,-135.0
434,-126.0
435,559.3299423149111
436,-127.0
437,-133.0
438,-128.0
439,-133.0
440,-141.0
441,-131.0
442,-136.0
443,-136.0
444,-128.0
445,-124.0
446,-124.0
447,-134.0
448,-138.0
449,-143.0
450,545.9549206511165
451,559.2152236891495
452,-141.0
453,-145.0
454,-133.0
455,-131.0
456,-132.0
457,-127.0
458,-133.0
459,-120.0
460,-139.0
461,609.2779653889464
462,-129.0
463,-131.0
464,-139.0
465,-141.0
466,613.207907703858
467,-134.0
468,-143.0
469,-129.2
470,-136.0
471,-144.0
472,-118.0
473,-129.0
474,-141.0
475,-123.0
476,665.1147186257612
477,-136.0
478,-142.0
479,-144.0
480,-141.0
481,-139.0
482,-143.0
483,-129.0
484,-130.0
485,-135.0
486,-135.0
487,678.0980664016247
488,-131.0
489,680.3573593128809
490,-136.0
491,678.7951226764721
492,-137.0
493,-139.0
494,-132.0
495,538.5784704523351
496,622.1206060760659
497,657.1833477758628
498,-126.0
499,-125.0
500,-140.0
1,-135.28284271247463
2,-132.56568542494924
3,-145.6568542494924
4,566.9632467631855
5,-139.39411254969542
6,645.9691342134905
7,480.37502166379426
8,-162.12203461105327
9,-141.0
10,643.720606076066
11,604.1549206511169
12,-138.19898987322333
13,606.1549206511175
14,575.487301627792
15,545.5784704523356
16,-137.0
17,-138.0
18,-130.0
19,-135.13137084989847
20,546.8259884629824
21,-131.0
22,632.5088311754572
23,-142.0
24,-145.0
25,596.9431457505079
26,-138.56568542494924
27,618.2946176130838
28,-129.0
29,-136.0
30,-145.0
31,-139.0
32,-142.0
33,-145.0
34,-143.0
35,-139.0
36,-126.0
37,-145.0
38,-141.0
39,-142.0
40,-135.0
41,-135.0
42,-127.0
43,-128.0
44,-142.0
45,-141.0
46,-137.0
47,-138.0
48,-144.0
49,-139.0
50,-136.0
51,-137.0
52,-141.0
53,-141.0
54,-135.0
1,-135.14142135623732
2,608.1046681194227
3,665.0176623509138
4,586.950043327589
5,657.6632467631849
6,657.6762409946767
7,496.25248198935304
8,-146.0
9,-141.0
10,-142.0
11,-139.0
12,-136.0
13,-137.0
14,593.5703535443723
15,-128.0
1,-135.14142135623732
2,-133.13137084989847
3,-140.56568542494924
4,-126.0
5,-136.0
6,-140.0
7,-127.0
8,-146.0
9,-141.0
10,-142.0
11,-139.0
12,-136.0
13,-137.0
14,-137.0
15,-128.0
16,-137.0
17,-138.0
18,-130.0
19,-140.0
20,-131.0
21,-131.0
22,-136.0
23,-142.0
24,-145.0
25,-135.0
26,-138.0
27,-135.0
28,-129.0
29,-136.0
30,-145.0
31,-139.0
32,-142.0
33,-145.0
34,-143.0
35,-139.0
36,-126.0
37,-145.0
38,-141.0
39,-142.0
40,-135.0
41,-135.0
42,-127.0
43,-128.0
44,-142.0
45,-141.0
46,-137.0
47,-138.0
48,-144.0
49,-139.0
50,-136.0
51,-137.0
52,-141.0
53,-141.0
54,-135.0
55,-139.0
56,-140.0
57,-133.0
58,-126.28284271247462
59,-141.0
60,-144.0
61,-127.0
62,-129.0
63,-143.0
64,-136.0
65,-128.0
66,-132.0
67,-125.0
68,-129.0
69,-131.0
70,-143.0
71,-139.28284271247463
72,-136.0
73,-134.0
74,-146.0
75,-128.0
76,-133.0
77,-133.0
78,-123.0
79,-136.0
80,-132.0
81,-130.0
82,-138.0
83,-127.0
84,-138.0
85,-123.0
86,-133.0
87,-141.0
88,-143.0
89,-124.0
90,-138.0
91,-142.0
92,-140.0
93,-137.0
94,-142.0
95,-131.0
96,-131.0
97,-134.0
98,-138.0
99,-142.0
100,-136.0
1,-135.14142135623732
2,-132.0
3,-140.28284271247463
4,625.0926840147081
5,663.987510831897
6,678.9022294576587
7,608.2843579026401
8,-146.0
9,689.4544155877286
10,-142.0
11,-139.0
12,-136.0
13,644.6632467631856
14,610.7448701447779
15,-128.28284271247463
16,-137.0
17,681.6703535443721
18,-130.0
19,-140.0
20,-106.197265478953
21,604.6360389693207
22,-136.0
23,670.6147186257618
24,-145.0
25,-135.0
26,609.960808101421
27,655.4407070887437
28,-129.0
29,608.4419264196259
30,674.3637518265738
31,685.971572875254
32,-142.28284271247463
33,-145.0
34,-143.0
35,670.976240994676
36,-126.0
37,682.1495382642005
38,-141.0
39,-142.0
40,-100.34091629284897
41,-135.0
42,581.2689250093842
43,-128.0
44,-142.0
45,-141.0
46,-137.14142135623732
47,-138.0
48,-144.0
49,-139.0
50,-128.78650070512055
51,-137.0
52,664.3147186257615
53,-141.28284271247463
54,572.3252741954881
55,649.218167414302
56,662.349033200812
57,612.9975613382364
58,569.4415080114144
59,-141.28284271247463
60,-144.56568542494924
61,555.0939033455893
62,569.5294372515227
63,621.6318759132873
64,553.4862915010159
65,-135.2568542494924
66,604.0063925136926
67,496.67968978321693
68,526.89045455705
69,586.8063925136935
70,-146.39411254969542
71,-146.339696961967
72,618.3779653889476
73,611.7157287525372
74,-146.0
75,-128.84852813742387
76,-133.0
77,-133.0
78,618.549033200812
79,-136.0
80,553.318881681796
81,-130.0
82,664.1583694396571
83,575.7394877578604
84,-138.0
85,-123.0
86,-133.0
87,681.5703535443721
88,645.5696392768783
89,-124.0
90,669.8850721701331
91,-142.0
92,-140.0
93,-137.0
94,-142.0
95,631.4666955517248
96,629.6424314830139
97,-134.0
98,-138.0
99,-142.0
100,-136.0
1,-675.2121320343559
2,-660.0
3,-700.4242640687119
4,607.6390260220617
5,638.4812662478461
6,670.0140043582678
7,-452.8425973595305
8,-730.0
9,679.681623381593
10,-710.0
11,-695.0
12,-680.0
13,-661.4669047558313
14,550.1753787975415
15,-640.0
16,-688.3941125496955
17,664.8389826944739
18,505.68420997299796
19,-702.5455844122715
20,603.8136472245212
21,-656.6242640687119
22,-683.8183766184073
23,659.3297943852707
24,-725.8485281374238
25,-675.0
26,-692.276093065035
27,607.2301948466056
28,-627.1213203435597
29,630.0507575950829
30,694.3114177668626
31,-695.0
32,675.8448701447783
33,671.9570021791343
34,655.2632467631855
35,-696.6970562748477
36,-630.0
37,-725.8485281374238
38,-705.0
39,-710.0
40,-675.2121320343559
41,-675.0
42,-635.0
43,-640.0
44,-710.0
45,-707.1213203435597
46,-685.8485281374238
47,-692.1213203435597
48,-720.8485281374238
49,-699.1183766184074
50,-684.5062445840514
51,-685.424264068712
52,-705.0
53,-705.0
54,-675.3948268171891
55,-702.5643181644257
56,-701.6970562748477
57,-665.424264068712
58,-598.6977705423413
59,-706.6970562748477
60,-720.0
61,-635.0
62,-647.4213203435596
63,-717.5455844122716
64,-680.8485281374238
65,-643.2551298552221
66,-662.4213203435596
67,-625.3
68,-645.424264068712
69,-657.9698484809835
70,-716.2727922061358
71,-713.7900540957137
72,-680.8485281374238
73,-673.7455844122716
74,-730.4242640687119
75,-640.0
76,-665.0
77,-665.8485281374238
78,-615.424264068712
79,-680.0
80,-661.2727922061358
81,-651.2727922061358
82,-693.4455844122716
83,-635.4242640687119
84,-690.8485281374238
85,-615.0
86,-665.8485281374238
87,-706.6970562748477
88,-715.0
89,-620.0
90,-690.424264068712
91,-710.0
92,-700.0
93,-685.0
94,-710.8485281374238
95,-661.166904755831
96,-666.6010714012406
97,-672.1213203435597
98,-690.0
99,-711.6970562748477
100,-660.8485281374238
101,555.827251121454
102,594.7040584539824
103,611.1926840147084
104,530.3661904883377
105,607.5312662478462
106,607.005173182811
107,519.5430411484551
108,-720.5154328932551
109,587.6154762208445
110,526.7746645300479
111,591.9239069349655
112,589.7007575950826
113,-678.3536579926458
114,-735.6066017177983
115,-665.0911688245432
116,-673.3941125496954
117,-680.8485281374238
118,-710.0
119,-678.1455844122714
120,-651.5727922061357
121,-685.8485281374238
122,-688.2698484809833
123,-653.5367532368147
124,-634.1955844122715
125,-672.8455844122716
126,-650.8485281374238
127,-705.4242640687119
128,-691.2727922061358
129,-682.5455844122715
130,-725.3911688245431
131,-680.0
132,-700.0
133,-640.8485281374238
134,-685.0
135,-695.8485281374238
136,-740.0
137,-685.0
138,-715.424264068712
139,-669.2426406871193
140,-683.9941125496954
141,-680.424264068712
142,-700.8485281374238
143,-680.0
144,-702.1213203435595
145,-685.424264068712
146,-681.2727922061357
147,-715.0
148,-655.3
149,-645.0
150,-650.424264068712
151,-695.0
152,-661.6970562748477
153,-641.5727922061358
154,-624.6305086527633
155,-673.8183766184072
156,-737.9698484809835
157,-633.2110173055268
158,-708.6974134085945
159,-669.3338095116625
160,-704.4547727214753
161,-665.5007142674938
162,638.1022294576587
163,-706.363961030679
164,-673.4554869889689
165,553.0915692858788
166,484.0353247018275
167,496.3978138699301
168,519.3386255607265
169,543.219891808572
170,594.1926840147084
171,609.3966991411011
172,-705.8485281374238
173,560.9147186257621
174,478.6761363926236
175,-645.8485281374238
176,459.7956277398604
177,602.2562879116406
178,467.49527060611297
179,570.7206060760674
180,482.72908011777605
181,561.6445563386214
182,471.8110606331154
183,574.6040584539827
184,630.0070021791346
185,534.7842099729991
186,639.9161904883375
187,679.7147186257622
188,515.822878861314
189,631.8584740417105
190,-710.8485281374238
191,-686.239696961967
192,-704.2426406871193
193,565.976136392624
194,540.0103463656219
195,-677.5455844122715
196,-680.0
197,507.61547622084396
198,-588.7235064736294
199,-660.0657900270018
200,-685.0
201,526.8764935263704
202,549.9481710036779
203,562.5827381104219
204,502.10704550672335
205,-627.4760930650348
206,412.202987052741
207,-675.0
208,504.9224350723897
209,-707.1213203435597
210,465.1974567361832
211,-660.0
212,610.2011147288298
213,600.7834957055047
214,-670.4242640687119
215,-641.2727922061358
216,593.5768506601185
217,-721.2727922061358
218,473.3687770797427
219,-690.0
220,-693.8183766184073
221,524.2095887705401
222,-696.6970562748477
223,-655.0
224,-686.2
225,566.8728355337244
226,609.082380976674
227,-645.424264068712
228,620.9220779386434
229,584.1735498012182
230,540.0220779386436
231,-685.8485281374238
232,-636.2727922061358
233,-701.1485281374239
234,506.07466453004736
235,523.6389826944738
236,651.9026299189945
237,464.5356818355738
238,587.7581169079633
239,654.7437554159488
240,-705.424264068712
241,-662.5455844122715
242,-722.5455844122715
243,619.7220779386428
244,590.6768506601173
245,585.465476220844
246,-681.2727922061358
247,415.5445563386196
248,-695.4242640687119
249,586.8864394306571
250,-685.939696961967
251,643.5037013202348
252,-670.4242640687119
253,642.3371536981509
254,579.1743073963008
255,537.1272511214535
256,503.89527060611437
257,441.37577925887683
258,-672.7213203435597
259,-715.2669047558312
260,555.1974567361841
261,647.2345671067457
262,594.250757595084
263,-745.424264068712
264,625.263246763186
265,666.5433982822021
266,588.1750216637956
267,-677.3591883092037
268,604.2978138699307
269,-745.424264068712
270,641.473906934966
271,-657.1213203435597
272,622.3371536981509
273,-726.6970562748477
274,521.419534674826
275,568.441926419627
276,-641.6970562748477
277,-640.424264068712
278,-630.8485281374238
279,-720.0
280,-673.2698484809835
281,565.8930411484549
282,619.2066450453864
283,-661.2727922061358
284,623.5250216637945
285,-632.5455844122716
286,-691.2727922061358
287,-621.2727922061358
288,-685.424264068712
289,634.9051731828114
290,-677.4213203435596
291,660.9577597742165
292,626.0794372515228
293,576.3570021791352
294,635.0764935263709
295,-716.6970562748477
296,591.9177056785031
297,-715.424264068712
298,495.7930411484549
299,-646.6970562748477
300,-674.5459415460184
1,-675.2121320343559
2,-660.0
3,-700.4242640687119
4,1267.6390260220614
5,1312.2779653889472
6,1368.1820238429284
7,1245.1750649913845
8,-730.0
9,1359.3816233815917
10,-710.0
11,-695.0
12,-680.0
13,-685.6363961030679
14,1182.3511147288302
15,-640.4242640687119
16,-685.0
17,1432.9007575950834
18,-650.0
19,-700.0
20,1238.8978571975194
21,1195.3570021791331
22,-680.0
23,1368.4713636711483
24,-727.9698484809835
25,-675.0
26,1279.7981710036777
27,1316.447456736183
28,-645.0
29,1284.5033875140764
30,1411.1044589153166
31,-698.8183766184073
32,1332.6154762208437
33,1336.8875108318946
34,-715.0
35,1321.1959848736053
36,1226.0897402895578
37,1367.2592316367914
38,1329.3051731828116
39,1388.020606076065
40,1205.7566450453867
41,1312.8309091140986
42,1139.158874503045
43,1164.522835533725
44,1388.7599459042854
45,1381.141212152132
46,1277.113290090774
47,1369.6261363926228
48,-720.0
49,1358.9577597742161
50,1303.8559307778937
51,-685.424264068712
52,1277.1441558772838
53,1386.7445130110302
54,1096.5099892318751
55,1343.0647186257613
56,-701.8249783362055
57,-665.0
58,1284.7552165103994
59,-705.0
60,-720.0
61,1109.4147186257578
62,1211.1526299189932
63,-715.0
64,-681.0606601717799
65,1237.2328247656012
66,1044.9194913472354
67,1008.5834957055052
68,-645.0
69,-655.0
70,-715.0
71,1226.930952441687
72,-680.0
73,1268.310346365621
74,-730.0
75,-640.0
76,-665.0
77,-665.0
78,1141.0206060760656
79,1342.7720779386423
80,1078.3353247018274
81,-650.0
82,1307.3739502625542
83,1105.5628896294388
84,-690.0
85,-615.0
86,-665.0
87,-705.0
88,1322.728365850283
89,-620.0
90,1340.6235498012172
91,-710.0
92,-700.0
93,-686.2727922061358
94,-710.0
95,-602.5198051533947
96,-536.2437120883596
97,-670.0
98,-690.0
99,1345.3691342134894
100,-680.0
101,1211.3239069349636
102,-670.0
103,1275.2290801177749
104,-690.0
105,-665.0
106,1315.2261363926239
107,1136.1117749006094
108,-715.0
109,1248.145227278524
110,-665.0
111,-645.0
112,1450.5860822969103
113,1214.3709632098123
114,-725.0
115,-660.0
116,-670.0
117,1313.8949134723666
118,-710.0
119,1123.9161904883351
120,-655.0
121,-685.0
122,1078.1731926674718
123,1210.7467424686902
124,-632.0849242404917
125,-670.0
126,-650.0
127,-705.0
128,1096.9423268809608
129,-680.0
130,1382.7919264196264
131,1375.1566450453872
132,-700.0
133,-640.0
134,-685.0
135,-695.0
136,-740.0
137,-685.0
138,-715.0
139,-665.0
140,1224.5025865914056
141,1211.4702489423196
142,-700.0
143,1258.4816233815907
144,-700.0
145,-685.0
146,-680.0
147,-715.0
148,1215.6764935263707
149,-414.8532575313103
150,-651.0242640687119
151,1314.1404545570485
152,-660.4242640687119
153,1248.0103030380315
154,-620.8485281374237
155,1243.7198918085728
156,-735.0
157,1246.79567106745
158,-700.0
159,-660.0
160,-700.0
161,-655.0
162,-725.0
163,-700.0
164,-655.0
165,-720.0
166,1188.3647619533508
167,-640.6363961030679
168,-635.4242640687119
169,-675.4242640687119
170,1305.9250216637945
171,-705.6363961030679
172,-705.0
173,-640.0
174,1138.6651624146862
175,-645.8485281374238
176,-655.0
177,-675.9985281374239
178,1175.7537013202318
179,1272.7574026404698
180,-507.04848480983503
181,-690.0
182,1216.7114177668595
183,1275.7231926674701
184,1325.4235498012179
185,1396.8904545570485
186,-700.0
187,-670.0
188,1136.63719702574
189,1303.7419264196244
190,1360.643798743536
191,1319.5761363926238
192,1305.1084740417098
193,1111.2867965644034
194,1142.140140750891
195,-675.0
196,-680.424264068712
197,1110.3691342134878
198,1301.0048160490644
199,1288.5628896294386
200,1316.2173052171654
201,-650.4242640687119
202,1225.5085173692976
203,-715.8485281374238
204,1113.8537013202342
205,1072.4875108318977
206,1006.1661904883363
207,1278.7419264196249
208,-680.0
209,1044.9709632098125
210,1053.2735498012175
211,1281.5875108318953
212,1266.5511147288294
213,1280.8963420073524
214,1199.356645045387
215,1115.6540584539807
216,1229.466190488338
217,1359.520963209812
218,1262.062889629437
219,1285.8816233815917
220,-474.68635277547895
221,1090.8816233815917
222,-695.0
223,-640.424264068712
224,1339.4544589153165
225,1215.3879112932336
226,1292.1871536981484
227,1249.6515151901654
228,-637.5455844122715
229,1342.3654762208441
230,1340.401158056418
231,-687.1213203435594
232,1071.880151519016
233,1361.605173182811
234,-597.9077164466274
235,-490.45325753131027
236,-681.2727922061358
237,-670.4242640687119
238,1224.8794805791117
239,1352.1099459042866
240,1317.7206060760668
241,1274.8720779386401
242,-720.8485281374238
243,1070.8816233815917
244,1329.2206494036545
245,-695.0
246,1205.4573593128798
247,-441.95878784786805
248,1284.070606076065
249,-655.8485281374238
250,1354.0966991411
251,1240.4900974233033
252,1080.033095244168
253,1282.22319266747
254,1256.0389826944734
255,1155.1169480834203
256,1294.8235498012175
257,-615.0
258,1278.389740289555
259,-711.2727922061358
260,1331.9897402895572
261,-715.4242640687119
262,1133.6540584539794
263,1454.9709632098127
264,1282.7213636711467
265,1333.7603030380321
266,-677.9698484809835
267,-681.9970562748478
268,-685.8485281374238
269,-745.0
270,-705.0
271,-655.0
272,-680.0
273,-728.8183766184073
274,-658.9095454429505
275,-661.0606601717798
276,-643.8183766184073
277,-642.1213203435597
278,-608.0610173055267
279,-720.424264068712
280,-671.115432893255
281,-668.8731493398826
282,-690.8485281374238
283,-660.8485281374238
284,-675.0
285,-630.0
286,-700.4823376490864
287,-620.8485281374238
288,-685.424264068712
289,-709.7102597104441
290,-693.806958851545
291,1288.4177056785031
292,-706.2727922061358
293,-691.2727922061357
294,-685.424264068712
295,-715.0
296,-675.0
297,-715.0
298,-615.903300858899
299,-645.0
300,-695.4242640687119
1,-675.0282842712475
2,-660.0
3,-700.0565685424949
4,1313.1428008716546
5,1331.8903953851939
6,-585.4854833995938
7,1293.0948614792605
8,-730.0
9,-705.0
10,-710.0
11,-695.0
12,-680.0
13,-641.3479393923934
14,-685.0
15,-640.0565685424949
16,-685.02
17,1357.7449538264202
18,-650.0
19,-700.0
20,1286.8037344955392
21,1172.2718167414307
22,-680.1414213562373
23,-710.0
24,-725.0
25,-675.0282842712475
26,1228.5651976925967
27,1353.8688311754574
28,1268.0962828354982
29,-680.0282842712475
30,-725.0
31,1372.1889740289562
32,-710.0
33,1343.24436508139
34,-715.0
35,1354.5248109729216
36,-630.1131370849898
37,1280.6478975515731
38,-705.0565685424949
39,-710.2262741699797
40,1132.150353544373
41,1123.833481963844
42,-635.0
43,1069.2246089475661
44,1269.2246089475661
45,-705.2828427124746
46,1156.8667200615118
47,1277.7815223689154
48,1214.281177490061
49,1208.6189235226168
50,1199.3059884629831
51,-685.2262741699797
52,1158.950050506339
53,1378.6569134213494
54,1123.830050506339
55,1309.0377460325558
56,1323.6023549801218
57,1269.1680404050712
58,1230.9447099602444
59,1351.3590245352948
60,-720.0
61,1137.723532470183
62,1175.5278975515732
63,-715.2262741699797
64,-680.1131370849898
65,1124.790496397871
66,1120.3430447378312
67,1022.1869220868678
68,-645.7188225099391
69,1192.3289740289558
70,-715.8485281374238
71,-697.190782104868
72,1317.716669555173
73,1299.1828008716543
74,1275.2484862966032
75,1140.729907652841
76,1252.9403030380338
77,-665.3228427124747
78,1260.9624559928006
79,1322.0441212152139
80,1189.4482424304272
81,-650.0
82,1364.042800871654
83,1158.9908412767259
84,1199.4708831175458
85,-615.0
86,-665.0
87,-705.0
88,1413.5182929367656
89,-620.0
90,1390.1390245352954
91,-710.0
92,-700.0
93,-685.0
94,-710.0
95,1178.1354502242912
96,1258.5556940904676
97,-670.0
98,-690.0
99,-710.0
100,-680.0
101,1246.990984130224
102,-670.0
103,1324.0076536853965
104,-690.0
105,-665.0
106,1327.0986796564405
107,1128.1375021663796
108,-715.0
109,1260.861034636563
110,1118.7686291501016
111,-645.0
112,-553.7395541084683
113,1227.3206897577088
114,1443.4154920651117
115,-660.0
116,1217.7318167414305
117,-565.5137676708412
118,-710.1131370849898
119,-675.371126983722
120,1119.1260303038036
121,1292.9546594539052
122,1089.4468210741902
123,1245.8361818228204
124,-611.363086578651
125,1272.9892178951325
126,-650.0565685424949
127,-705.2262741699797
128,1087.4269639276883
129,1291.1921616202847
130,-720.2262741699797
131,1352.0138268426986
132,1302.4103953851936
133,1211.3824559928
134,-685.1697056274847
135,-695.0
136,-740.0565685424949
137,-685.0565685424949
138,-715.0
139,1217.7146594539054
140,1163.8451976925965
141,-680.0
142,1234.3943145750509
143,-680.0
144,-701.3293607486307
145,-685.6788225099391
146,-681.1879393923934
147,-715.5939696961967
148,1104.3460303038034
149,-630.04
150,1113.5369134213495
151,1238.4969134213493
152,1078.6237763363595
153,1218.966619048834
154,1133.8183347775866
155,1212.8877965388954
156,-735.2828427124746
157,-625.7188225099391
158,1218.7237763363594
159,-660.2262741699797
160,-700.1131370849898
161,1205.7624559928004
162,-725.0565685424949
163,-700.4925483399594
164,1020.0048109729219
165,-720.2262741699797
166,1166.8067200615117
167,1116.9558369439665
168,1278.7466190488342
169,-675.2262741699797
170,-665.2097056274848
171,-705.0
172,1328.7169134213493
173,-640.1697056274847
174,1092.158679656441
175,1097.5103953851933
176,1062.202111113946
177,1298.4831875913292
178,1132.1026998589764
179,1193.4540707088745
180,1082.385542571451
181,-690.0
182,1086.7632886040067
183,-655.0565685424949
184,-695.0
185,1224.1391673887933
186,-700.0565685424949
187,-670.0
188,1075.7824559928001
189,-665.0
190,-710.3394112549695
191,-680.1697056274847
192,-700.0565685424949
193,1209.849075041634
194,1303.3356940904682
195,-675.1131370849898
196,-680.0565685424949
197,-645.0
198,1359.9573593128812
199,1353.1575021663798
200,1385.6493189078099
201,-650.0
202,1307.914028868054
203,-715.0
204,1211.5495209331661
205,1138.2506392513699
206,1002.67750216638
207,-675.1697056274847
208,1202.546375182658
209,1258.0843650813897
210,1076.974415587729
211,-660.0
212,-705.0
213,-700.0
214,-670.0565685424949
215,1077.5532380976679
216,-695.0565685424949
217,-720.0
218,1086.351572875255
219,-690.0
220,-454.0078383797157
221,1111.3673088065423
222,-695.0565685424949
223,-640.0565685424949
224,1326.2790245352949
225,1251.418435790264
226,-670.1131370849898
227,1179.0771154467047
228,1321.8715728752543
229,1338.4734401230237
230,1315.1776031790575
231,-685.0565685424949
232,1221.399857146502
233,1423.292262632963
234,1134.3848109729224
235,1231.4046681194238
236,-680.0565685424949
237,-670.0565685424949
238,1334.2779480579118
239,1348.6983347775865
240,-705.1697056274847
241,-660.0565685424949
242,-720.0
243,-680.0565685424949
244,1376.0873088065418
245,-695.0
246,-680.0
247,1048.5645671067457
248,-695.0
249,-655.0
250,1397.8023549801226
251,1328.4583347775865
252,-670.1131370849898
253,1378.8736839892
254,1302.398679656441
255,1203.0712279964
256,1337.6071659530442
257,-615.0565685424949
258,-656.0553910524341
259,-710.1531370849898
260,-710.1131370849898
261,-670.1531370849898
262,-670.0
263,-745.0565685424949
264,1320.9438773490374
265,-730.0565685424949
266,-675.0565685424949
267,1291.0644660940675
268,-685.2828427124746
269,-745.0565685424949
270,1328.8963246763187
271,-655.0565685424949
272,1350.5907402640482
273,1346.9012785027392
274,-650.0
275,1259.296526701675
276,-640.0
277,-640.0
278,1163.0995122676475
279,1441.549562773987
280,-578.2021529547665
281,-675.1531370849898
282,-690.0
283,919.1068210741895
284,-675.0
285,1012.8849538264203
286,-690.2662741699797
287,1258.392060607607
288,-685.0565685424949
289,1345.878191924088
290,1268.9991255479729
291,1400.5230447378308
292,-705.0565685424949
293,-690.0
294,1327.6683852839255
295,-715.0565685424949
296,-675.0
297,-715.1697056274847
298,1165.0973593128813
299,1168.047796538895
300,1209.2377460325558
301,1280.0581919240885
302,1311.5081414177496
303,1209.1156940904677
304,1303.6051976925967
305,-690.0
306,1228.7051976925966
307,-660.0
308,-705.1697056274847
309,-695.0
310,1177.4518167414308
311,-700.0565685424949
312,1273.0726493526374
313,1265.9473088065424
314,-695.0565685424949
315,-660.2262741699797
316,1293.4583347775867
317,-665.1131370849898
318,1135.3304963978712
319,1093.1348614792616
320,1203.2409336238848
321,-655.0
322,1338.425786437627
323,-725.8519595949289
324,1308.5472077938646
325,1268.3975021663798
326,1098.3506392513696
327,-685.0
328,1229.2528932188136
329,-670.0565685424949
330,-640.0965685424949
331,959.241177490061
332,-715.0
333,-665.0
334,-615.0282842712475
335,1284.2694617613085
336,-675.0282842712475
337,-695.1131370849898
338,1089.144608947566
339,-690.1131370849898
340,1164.337746032556
341,1029.281177490061
342,-685.7071067811866
343,-725.4808326112069
344,-590.1697056274847
345,-660.0565685424949
346,-680.0
347,-640.0
348,-685.0
349,-625.0
350,-645.1131370849898
351,-675.2262741699797
352,-660.8768124086713
353,-710.4525483399593
354,-725.4525483399594
355,-675.4242640687119
356,-670.5774011537017
357,-680.1131370849898
358,-670.2828427124746
359,-705.2262741699797
360,1264.5840202025356
361,-735.0
362,-655.0
363,-685.3959797974645
364,-590.0
365,-695.0965685424949
366,-690.2828427124746
367,-700.1131370849898
368,-685.0
369,-680.0
370,-655.0
371,-705.0282842712475
372,-645.0565685424949
373,-685.3394112549695
374,-670.1131370849898
375,-665.1131370849898
376,-680.2828427124746
377,-690.1131370849898
378,-680.1131370849898
379,-695.0565685424949
380,-675.0
381,-705.0
382,-675.0
383,-660.0
384,-650.0565685424949
385,-625.0565685424949
386,-650.2262741699797
387,-670.1131370849898
388,-700.4808326112069
389,-611.046518036156
390,-650.7671067811865
391,1289.3860303038034
392,1198.9983347775863
393,1264.337746032556
394,1212.3709841302236
395,1147.9312279964004
396,-700.0
397,-655.1414213562373
398,1107.6903953851934
399,-700.0
400,-680.0
401,1241.8350043327594
402,-725.0565685424949
403,1238.1995122676476
404,-690.2828427124746
405,-655.1131370849898
406,1239.4551053454377
407,-660.2262741699797
408,1147.6703953851934
409,-670.0282842712475
410,1230.5119177541087
411,1138.7005469042103
412,1269.5482424304273
413,-670.3394112549695
414,1197.7845671067466
415,-705.2262741699797
416,-695.1414213562373
417,1263.3045671067464
418,-700.5374011537018
419,-700.1131370849898
420,1181.5750043327598
421,-670.2462741699796
422,-705.1131370849898
423,1303.1498066401628
424,1151.4398571465022
425,1167.9546594539052
426,-660.311126983722
427,1258.4823549801222
428,1222.8472077938652
429,-656.0085281374238
430,1107.8463751826575
431,-730.0
432,902.6435324701831
433,-675.1131370849898
434,1055.6741717215532
435,1102.7546594539053
436,1128.1126493526376
437,-665.1131370849898
438,1173.27750216638
439,1312.2255425714513
440,-705.0
441,-655.1131370849898
442,-680.1131370849898
443,1224.337746032556
444,-640.0565685424949
445,-620.0565685424949
446,-620.1697056274847
447,-670.0
448,-690.1131370849898
449,1347.9098066401625
450,1039.784810972922
451,1130.0153492116137
452,-705.0565685424949
453,-725.0
454,-665.1131370849898
455,1126.6715728752545
456,-660.0565685424949
457,-635.0565685424949
458,-665.0
459,-600.0565685424949
460,-695.0565685424949
461,1245.2084862966037
462,1124.2916738879326
463,-655.0565685424949
464,1331.961278502739
465,-705.0
466,1242.9746594539051
467,-670.1697056274847
468,-715.0
469,-636.1982337649085
470,-681.4776450198781
471,1332.6303953851932
472,-590.0
473,-645.0565685424949
474,1287.5518167414307
475,1188.362354980122
476,1316.6432886040068
477,-680.0
478,-710.0
479,-720.0
480,-705.0
481,-695.0
482,1258.8017662350915
483,1118.0546594539053
484,-650.0565685424949
485,-675.0
486,-675.0565685424949
487,-705.0
488,-655.0565685424949
489,1368.6272077938643
490,-680.0565685424949
491,-695.0
492,-685.1131370849898
493,1238.335492065112
494,-660.0
495,1111.0258874503054
496,1287.1041212152136
497,1123.9066190488338
498,-630.0565685424949
499,1048.1112279964
500,-672.3164675298173
1,-680.0282842712475
2,-665.0
3,-721.0565685424949
4,1141.1993694141495
5,-689.9287720036002
6,1306.9258874503046
7,1137.6314300217557
8,-735.0
9,-730.0
10,-726.0
11,-703.0
12,-692.0
13,1294.6415223689153
14,1142.8900505063389
15,-652.0565685424949
16,1141.2369134213495
17,1279.6366695551728
18,-672.0
19,1213.7432886040065
20,1066.911673887932
21,1076.7996132803253
22,1182.850050506339
23,-766.9616652224137
24,-766.8485281374238
25,1157.637014434027
26,1066.8044660940677
27,-813.4826406871193
28,-680.0565685424949
29,1127.8766695551726
30,-787.7188225099392
31,-712.4725483399593
32,-763.0565685424949
33,-748.0
34,-721.0
35,1219.4447099602444
36,-669.3394112549695
37,-661.2907821048681
38,-715.0
39,-717.0565685424949
40,1043.0512279964
41,-680.0
42,1191.1735829765219
43,1130.1203448788542
44,-734.1697056274847
45,-710.0
46,-691.0
47,-705.0282842712475
48,-725.0
1,-680.0282842712475
2,-665.0
3,-721.0
4,1047.9342727342303
5,-743.1796551211459
6,1257.2339278553757
7,965.259916318359
8,1188.4789235226167
9,-754.6222539674442
10,-738.4759797974644
11,-724.0565685424949
12,-666.0299494936611
13,-701.1697056274847
14,-695.0565685424949
15,-646.0
16,-717.8271067811866
17,-692.0
18,-650.0
19,-711.0
20,-655.0
21,-655.0
22,-685.0
23,-725.0
24,-734.0
25,-693.1131370849898
26,-700.0
27,-721.6510259710444
28,-670.1131370849898
29,-698.2828427124746
30,-730.0
31,-702.0
32,-715.0
33,-730.0
34,-720.0
1,-676.0282842712475
2,-661.0
3,-704.2
4,1244.3528513779925
5,1226.6478975515715
6,1318.5411356492393
7,1195.768688321958
8,1189.1360808101417
9,1358.8657864376269
10,1306.3310851429019
11,1223.0837763363584
12,-649.1353910524341
13,-702.9576450198781
14,-704.9596551211459
15,-640.0
16,1242.547796538894
17,-696.1131370849897
18,-650.0
19,-700.0
20,-656.0
21,1223.2925064991382
22,-680.0
23,-710.0
24,-727.0
25,-675.0
26,1242.99240548646
27,1366.9238773490367
28,-645.0
29,-680.0
30,-725.0
31,-695.0
32,-711.0
33,-726.0
34,-716.0
35,1345.6466190488336
36,-630.0
37,1228.7217662350913
38,-706.0
39,-710.0
40,-678.0
41,-675.0
42,1211.4541717215518
43,-640.0
44,-710.0
45,-705.0
46,-685.0
47,-690.0
48,-720.0
49,-695.0
50,1241.4046089475662
51,-685.0
52,-705.0
53,-705.0
54,1086.8990245352948
55,1290.1137258300203
56,-702.4
57,-665.0
58,1227.9404458915317
59,-705.0
60,-720.0
61,1166.0146594539042
62,1214.725197692596
63,-716.0
64,-680.0
65,1185.9028008716539
66,-660.0
67,1031.3197142930028
68,-645.0
69,-655.0
70,-715.0
71,1269.0340707088744
72,-680.0
73,1274.170984130224
74,-731.0
75,-640.0
76,-665.0
77,-665.0
78,-617.4
79,-680.0
80,1073.3172583002029
81,-650.0
82,1319.8158369439664
83,1057.8332380976665
84,-691.0
85,-615.0
86,-665.0
87,-705.0
88,1302.7177041917353
89,-620.0
90,1378.2112279964006
91,-710.0
92,-701.0
93,-685.0
94,-711.0
95,1222.3397142930028
96,1155.5370144340266
97,-670.0
98,-690.0
99,-710.0
100,-680.0
101,-635.6416652224138
102,-670.0
103,-676.4
104,-691.0
105,-665.0
106,1338.2474516600407
107,-690.8000000000001
108,-716.0
109,1203.6389235226166
110,-645.638822509939
111,-645.0
112,-748.0
113,-673.2885281374239
114,-725.0
115,-660.0
116,-670.0
117,1272.5298066401626
118,-711.0
119,-677.0
120,1116.4040202025355
121,-685.0
122,988.8366695551725
123,1231.9112279964
124,-634.0
125,-670.0
126,-650.0
127,-705.0
128,1082.9703953851936
129,-680.0
130,-722.0
131,1298.1618672477691
132,-700.0
133,-640.0
134,-685.0
135,-695.0
136,-741.0
137,-685.0
138,-715.0
139,-665.0
140,-681.0
141,-684.0
142,-701.0
143,-682.0
144,-700.0
145,-685.0
146,-681.0
147,-715.0
148,1089.630395385193
149,1166.4467200615122
150,1141.5514718625764
151,-697.0
152,-660.0
153,-651.8
154,-620.0
155,-672.0
156,-736.0
157,-635.8
158,-701.0
159,-660.0
160,-700.0
161,-659.0
162,-725.0
163,-701.0
164,-656.0
165,-720.0
166,-646.8
167,-640.0
168,-635.0
169,-675.0
170,1282.334314575051
171,-705.0
172,-705.0
173,-640.0
174,-642.0
175,-645.0
176,-655.0
177,-677.0
178,1204.8277965388943
179,1243.3386796564405
180,1150.9677965388942
181,-690.0
182,-687.0
183,-660.0
184,-695.0
185,1173.3094617613078
186,-701.0
187,-670.0
188,1031.382800871654
189,-665.0
190,-710.0
1,-675.2782842712475
2,-660.25
3,-701.05
4,1256.7307402640479
5,-682.1394112549694
6,-688.7779393923934
7,-610.4056349186104
8,-730.45
9,-711.0076450198782
10,-710.7631370849898
11,-695.0
12,-680.0
13,-685.0
14,-686.1894112549695
15,-640.756568542495
16,-686.3394112549695
17,-693.4576450198782
18,-651.0631370849899
19,-700.25
20,-564.5957272657703
21,-657.7216652224137
22,-682.5071067811865
23,-696.8091168824542
24,-726.3262741699796
25,-676.1999999999999
26,-691.0159797974643
27,-675.9065685424948
28,-645.9565685424949
29,-681.7262741699797
30,-726.4045584412271
31,-695.4348528137423
32,-710.25
33,-725.25
34,-715.25
1,-675.0782842712474
2,-660.05
3,-700.2099999999999
4,1264.8511356492404
5,-682.056518036156
6,1350.1152987052742
7,1025.7911861555806
8,-731.3885281374238
9,-705.3279898987321
10,-710.9025483399594
11,-696.5585281374238
12,-680.0
13,-685.4594112549695
14,-686.9810764773832
15,-642.2413708498984
16,-686.5350966799188
17,-692.310782104868
18,-650.4828427124746
19,-685.4128427124746
20,-527.5291587232754
21,-655.17
22,-680.4262741699797
23,-710.13
24,-725.3731370849898
25,-675.05
26,1285.7247099602448
27,1278.0399581591798
28,-645.0
29,-680.02
30,1366.736669555173
31,-695.0
32,-710.05
33,-725.3299999999999
34,-715.05
35,1405.7812785027397
36,1226.3052481989364
37,-684.3675945135393
38,-690.8659797974644
39,1322.6660808101424
40,-675.7431370849898
41,-675.0
42,-635.0
43,-641.0625483399594
44,-711.3888225099391
45,-705.1299999999999
46,-685.0
47,-690.0
48,-720.0
49,-695.0
50,1321.8432380976683
51,-685.0
52,-705.0
53,-705.0
54,1224.7261818228203
55,1294.5837258300203
56,-700.1
57,-665.0
58,1227.6469134213498
59,-705.0
60,-720.0
61,1163.2046089475666
62,-645.3
63,-715.05
64,-680.0
65,-640.0
66,1093.614608947566
67,1005.1878470452343
68,-645.0
69,-655.0
70,-715.0
71,-695.05
1,-675.0782842712474
2,-660.05
3,-700.2365685424949
4,1296.5930952441702
5,1341.6363751826586
6,-599.7364170234785
7,1292.7396637866646
8,-730.05
9,1388.8808831175459
10,-710.0999999999999
11,-695.0699999999999
12,-680.0999999999999
13,-685.3731370849898
14,-685.0699999999999
15,-640.1565685424948
16,-685.14
17,1447.7806392513698
18,-650.0899999999999
19,-700.06
20,-467.4700418408211
21,1269.69873016278
22,-680.0799999999999
23,-710.3131370849898
24,-725.1999999999999
25,-675.06
26,1271.4626998589765
27,-560.8089653634378
28,-645.0699999999999
29,-680.17
30,-725.14
31,1408.3846089475664
32,-710.24
33,1358.8780404050713
34,-715.06
35,1372.3903448788549
36,-630.26
37,1442.7533896166844
38,-705.14
39,-710.13
40,1153.5046089475663
41,-675.1265685424949
42,1278.0110851429022
43,-640.1165685424949
44,-710.0899999999999
45,-705.06
46,-685.1931370849898
47,-690.0899999999999
48,-720.0699999999999
49,-695.1065685424949
50,1234.9784357902652
51,-685.1348528137423
52,-705.05
53,-705.1065685424949
54,1283.0204963978713
55,1379.8761818228202
56,1349.3974516600408
57,-665.0
58,1343.2925064991396
59,-705.0
60,-720.1265685424949
61,1191.68941992049
62,1322.7165267016749
63,-715.05
64,-680.0
65,1274.3423636456419
66,-660.0
67,1049.0402020253555
68,-645.01
69,-655.0
70,-715.0
71,1393.0799581591796
72,-680.0
73,1342.8645166004071
74,-730.05
75,-640.0
76,-665.0
77,-665.0
78,-615.4394112549695
79,-680.0
80,1114.6590245352966
81,-650.0
82,1365.4704458915326
83,1168.6542222278931
84,-690.2165685424948
85,-615.0
86,-665.0
87,-705.0
88,1472.50682107419
89,-620.0
90,1393.346030303804
91,-710.0
92,-700.05
93,-685.0
94,-710.05
95,1342.0285368029438
96,1274.775298705275
97,-670.0
98,-690.0
99,-710.0
100,-680.0
101,1265.629562773988
102,-670.0
103,1356.9246594539054
104,-690.05
105,-665.0
106,1371.7812279964
107,1168.00063925137
108,-715.05
109,1272.0918167414313
110,-665.0
111,-645.0
112,-537.8850461735799
113,1237.8409336238851
114,-725.0
115,-660.0
116,-670.0
117,1383.1528008716546
118,-710.05
119,1138.0989235226175
120,-645.1965685424949
121,-685.0
122,1046.3689740289567
123,1303.641673887932
124,-630.0
125,-670.0
126,-650.0
127,-705.0
128,1249.7944660940675
129,-680.0
130,1415.3787301627797
131,1396.2318167414307
132,-700.0
133,-640.0
134,-685.0
135,-695.0
136,-740.05
137,-685.0
138,-715.0
139,-665.0
140,-680.05
141,1177.442943725153
142,-700.05
143,1276.1495627739873
144,-700.0
145,-685.0
146,-680.1465685424948
147,-715.0
148,-665.0
149,1283.3802020253563
150,-650.02
151,1283.8063246763188
152,-660.0
153,-645.0
154,-620.0
155,1270.3515728752548
156,-735.05
157,1332.9716738879324
158,-700.05
159,-660.0
160,-700.0
161,1082.0880909114112
162,-725.0
163,-700.05
164,-655.05
165,-720.0
166,1269.030202025357
167,-640.0
168,-635.0
169,-675.0
170,1353.0914718625766
171,-705.0
172,-705.0
173,-640.0
174,1284.5711861555812
175,-645.0
176,-655.0
177,-675.0
178,1304.2744660940684
179,-645.0
180,-492.11891485709907
181,-690.0
182,1147.3815223689157
183,1311.1786378156203
184,-695.0
185,1223.987451660041
186,-700.05
187,-670.0
188,1185.0621616202848
189,-665.0
190,-710.0
191,-680.05
192,-700.0
193,1213.474020202536
194,-665.0
195,-675.0
196,-680.0
197,-645.0
198,1318.4046089475664
199,1283.1654920651122
200,-685.0
201,-650.0
202,-675.02
203,-715.0
204,-610.0
205,-630.0
206,-615.0
207,-675.0
208,-680.0
209,-705.05
210,1092.6315223689155
211,-660.0
212,-705.0
213,-700.0
214,-670.0
215,-640.0
216,-695.0
217,-720.0
218,1056.8603953851941
219,-690.0
220,-690.05
221,-660.3031370849897
222,-695.0
223,-655.0
224,1313.668486296605
225,1261.1026998589768
226,-670.0
227,1282.2128008716543
228,-650.0
229,1343.2380404050714
230,1386.135988462984
231,-685.0
232,-635.05
233,1421.7308412767259
234,-625.1365685424948
235,1381.3656940904684
236,-680.01
237,-670.0
238,1332.8099581591807
239,-685.05
240,-705.0982842712474
241,-660.03
242,-720.2331370849897
243,-680.05
244,1374.3158874503047
245,-695.01
246,-680.01
247,1148.519226560651
248,-695.06
249,-655.0
250,1387.0166695551736
251,-705.04
252,-670.0
253,1377.5262323291595
254,1299.864760466584
255,1243.6304963978716
256,1353.652750365316
257,-615.0
258,-594.4055844122717
259,-710.0
260,-710.05
261,-715.0
262,-670.0
263,-745.0999999999999
264,1365.0807402640476
265,-730.05
266,-675.0
267,1362.042262632963
268,-685.0
269,-745.05
270,-705.0
271,-655.0
272,-680.0965685424949
273,-725.0
274,-650.0
275,-660.01
276,-640.0
277,-640.0
278,-630.0
279,1452.8672077938647
280,1356.9242727342312
281,1328.3814718625763
282,-690.02
283,1194.7617749006106
284,-675.05
285,-630.0
286,-690.0
287,-620.0
288,-685.0699999999999
289,1331.4095627739869
290,1344.0459379566444
291,1268.4283347775868
292,-705.06
293,-690.0
294,-685.01
295,-715.0
296,-675.0
297,-715.0782842712474
298,1331.3331457505087
299,-645.0
300,-695.05
301,1355.275298705275
302,-645.0
303,1152.3480909114103
304,-670.05
305,-690.0
306,-650.1165685424949
307,-660.03
308,-705.05
309,-695.1931370849898
310,-670.0
311,-700.01
312,-705.05
313,-540.385828278448
314,-695.05
315,-660.05
316,-675.02
317,-665.02
318,1279.9203535443728
319,1302.7593694141492
320,-665.2031370849897
321,-655.0
322,-700.05
323,1308.6680404050712
324,-655.01
325,-685.1265685424949
326,-665.06
327,-685.01
328,-705.05
329,-670.0
330,1374.4955930777899
331,1290.965988462984
332,-715.0699999999999
333,-665.01
334,-615.05
335,1425.523288604007
336,-675.03
337,-695.1448528137423
338,1352.9748109729223
339,-690.0
340,-680.0
341,-690.0
342,1412.9879480579123
343,-725.0699999999999
344,-590.01
345,-660.0
346,-567.2014631970583
347,-620.1448528137423
348,-685.01
349,-625.1099999999999
350,-603.3164675298173
351,-675.05
352,-660.0
353,-710.0
354,1328.4280404050712
355,-675.0
356,1073.8450548390983
357,1363.5999076528412
358,-670.01
359,1426.7263751826579
360,-715.0
361,-735.05
362,-655.01
363,-685.0
364,-590.0
365,1304.1227503653156
366,-690.0
367,1278.9736334828615
368,-685.0
369,-680.01
370,-655.0
371,-705.05
372,-645.1165685424949
373,1387.9311774900618
374,-670.1648528137423
375,-665.0
376,-680.0
377,1347.6672077938647
378,-680.0
379,1406.8043650813902
380,1307.579512267648
381,1357.1332380976685
382,-675.0
383,1073.1389235226172
384,-650.0
385,-625.0
386,-650.02
387,1218.4867705678528
388,-700.0
389,-620.0
390,1322.5068210741906
391,-690.0699999999999
392,-690.05
393,-670.0
394,-675.0
395,1269.32559307779
396,-700.0
397,-665.0
398,1343.0148109729225
399,-700.0
400,-680.0
401,-665.0
402,-725.06
403,-680.05
404,-690.05
405,-655.0
406,1373.0787806691192
407,-660.0
408,-630.0
409,-670.05
410,-610.0
411,1163.311766235092
412,-690.0
413,-670.0
414,1314.6707402640473
415,-705.0
416,-695.0
417,1370.900984130224
418,-700.01
419,-700.0
420,-660.0
421,-670.0
422,-705.0
423,-690.0
424,-670.01
425,-515.2041125496954
426,-660.0
427,-675.0
428,1311.1492684014718
429,1257.5757864376278
430,-645.03
431,-730.05
432,1135.1615728752552
433,-675.0
434,-630.04
435,1163.994314575051
436,-635.04
437,-665.01
438,-640.2114213562372
439,-665.1382842712474
440,-705.05
441,-655.1565685424948
442,-680.0799999999999
443,-680.15
444,-640.15
445,-620.37
446,-620.38
447,1152.734070708875
448,-691.9745079348883
449,1434.979857146502
450,1411.0282929367656
451,-361.9432294321496
452,-705.3962741699797
453,-725.8725483399594
454,-665.4397056274847
455,-642.3373506473629
456,-660.5028427124746
457,-636.511959594929
458,-665.3597056274848
459,-600.3331370849899
460,-695.4631370849899
461,-519.4898484809835
462,-615.6594112549695
463,-614.8626911934581
464,-695.08
465,-705.4262741699797
466,1318.9096132803256
467,-670.3562741699797
468,-715.7194112549696
469,-645.246568542495
470,-579.0993102422918
471,1373.4225064991392
472,-590.3962741699797
473,-645.7491168824542
474,-705.2697056274848
475,-616.5148023074036
476,1325.0187301627795
477,-681.4713708498984
478,-710.5028427124746
479,-720.8625483399594
480,-705.3097056274847
481,-695.9056854249492
482,-715.5562741699797
483,-645.1199999999999
484,-650.1848528137423
485,-675.0699999999999
486,-675.05
487,-705.2779898987321
488,-655.1348528137423
489,1353.2551976925965
490,-680.01
491,-695.0
492,-685.01
493,-695.0882842712474
494,-660.1082842712474
495,-660.0999999999999
496,1257.6443650813903
497,-720.0
498,-630.0
499,-625.0
500,1366.5198066401626
1,-675.05
2,-660.05
3,-700.2099999999999
4,1308.3000000000004
5,1334.5400000000002
6,1399.05
7,1298.6500000000003
8,-730.05
9,1379.6200000000001
10,-710.17
11,-695.0799999999999
12,-680.0999999999999
13,-640.36
14,-685.05
15,-640.05
16,-685.06
17,1449.5400000000002
18,-650.05
19,-700.05
20,1308.92
21,1209.7300000000002
22,-680.05
23,-710.0899999999999
24,-725.12
25,-675.05
26,1259.2200000000007
27,1289.0000000000002
28,-645.0
29,-680.0
30,-725.01
31,-695.0
32,-710.05
33,-725.05
34,-715.05
35,1359.3200000000002
36,-630.0
37,1359.14
38,-705.05
39,-710.02
40,1154.5600000000004
41,-675.0
42,1308.6900000000003
43,-640.06
44,-710.06
45,-705.0699999999999
46,-685.0
47,-690.0
48,-720.05
49,-695.0
50,1324.4500000000005
51,-685.02
52,-705.05
53,-705.05
54,1378.8200000000002
55,1324.6100000000001
56,1349.68
57,-665.05
58,1278.8300000000006
59,-705.22
60,-720.66
61,-635.4499999999999
62,-645.55
63,-715.38
64,-680.4000000000001
65,-461.27000000000004
66,1049.46
67,-625.22
68,-645.14
69,-655.48
70,-715.3
71,1388.7400000000002
72,-680.25
73,1174.6500000000003
74,-730.14
75,-640.03
76,-665.05
77,-665.05
78,-615.0
79,-680.06
80,-660.05
81,-650.0
82,1399.0800000000002
83,-635.0
84,-690.05
85,-615.0
86,-665.0
87,-705.0
88,1404.0500000000002
89,-620.0
90,1409.1300000000003
91,-710.0
92,-700.05
93,-685.0
94,-710.05
95,1313.2700000000007
96,1258.8900000000003
97,-670.05
98,-690.0
99,-710.0699999999999
100,-680.05
101,-640.0
102,-670.0
103,1328.6000000000004
104,-690.05
105,-665.0
106,1374.2
107,-685.0999999999999
108,-715.05
109,-640.04
110,-665.0
111,-645.0
112,1474.52
113,-670.0
114,-725.0799999999999
115,-660.0
116,-670.0
117,1358.8600000000004
118,-710.05
119,-675.05
120,-645.1099999999999
121,-685.0
122,994.6200000000002
123,1234.8500000000001
124,-630.0
125,-670.0
126,-650.0
127,-705.01
128,-690.0
129,-680.0
130,1404.4400000000003
131,1324.7800000000002
132,-700.0
133,-640.0
134,-685.06
135,-695.03
136,-740.05
137,-685.0
138,-715.0
139,-665.0
140,-680.05
141,-680.0799999999999
142,-700.05
143,-680.0
144,-700.0
145,-685.0
146,-680.05
147,-715.0
148,-665.0
149,-541.3899999999999
150,-650.01
151,-695.0
152,-660.0
153,-645.0
154,-620.0
155,-670.0
156,-735.05
157,-625.0
158,-700.05
159,-660.0
160,-700.0
161,-655.0
162,-725.0
163,-700.05
164,-655.05
165,-720.0
166,1233.9900000000002
167,-640.0
168,-635.0
169,-675.0
170,-680.0
171,-705.0
172,-705.0
173,-640.0
174,1219.0600000000004
175,-645.0
176,-655.0
177,-675.0
178,1189.4600000000003
179,1254.1600000000003
180,1233.3600000000006
181,-690.0
182,-685.05
183,1324.0600000000004
184,-695.0
185,-690.0
186,-700.05
187,-670.0
188,1148.9500000000005
189,-665.0
190,-710.0
191,-680.05
192,-700.0
193,-570.61
194,-665.04
195,-675.0
196,-680.0
197,-645.0
198,-690.0
199,-660.02
200,1319.4900000000002
1,-675.05
2,-660.05
3,-700.2099999999999
4,1308.3000000000004
1,297.9100000000003
2,188.78999999999996
3,0.0
1,78.71999999999996
2,298.4299999999999
3,0.0
1,408.0800000000001
2,69.42999999999999
3,0.0
1,218.10999999999993
2,79.39999999999999
3,19.75
4,123.31999999999998
5,0.0
6,0.0
7,0.0
8,0.0
9,0.0
10,0.0
11,0.0
12,0.0
13,9.51
14,0.0
15,0.0
16,0.0
17,0.0
18,0.0
19,0.0
20,0.0
21,0.0
22,0.0
23,0.0
24,0.0
25,0.0
26,0.0
27,0.0
28,0.0
29,0.0
30,0.0
31,0.0
32,0.0
33,0.0
34,0.0
35,0.0
36,0.0
37,0.0
38,0.0
39,0.0
40,0.0
41,0.0
42,0.0
43,0.0
44,0.0
45,0.0
46,0.0
47,0.0
48,0.0
49,0.0
50,0.0
51,0.0
52,0.0
53,0.0
54,0.0
55,0.0
56,0.0
57,0.0
58,0.0
59,0.0
60,0.0
61,0.0
62,0.0
63,0.0
64,0.0
65,0.0
66,0.0
67,0.0
68,0.0
69,0.0
70,0.0
71,0.0
72,0.0
73,0.0
74,0.0
75,0.0
76,0.0
77,0.0
78,0.0
79,0.0
80,0.0
81,0.0
82,0.0
83,0.0
84,0.0
85,0.0
86,0.0
87,0.0
88,0.0
89,0.0
90,0.0
91,0.0
92,0.0
93,0.0
94,0.0
95,0.0
96,0.0
97,0.0
98,0.0
99,0.0
100,0.0
101,0.0
102,0.0
103,0.0
104,0.0
105,0.0
106,0.0
107,0.0
108,0.0
109,0.0
110,0.0
111,0.0
112,0.0
113,0.0
114,0.0
115,0.0
116,0.0
117,0.0
118,0.0
119,0.0
120,0.0
121,0.0
122,0.0
123,0.0
124,0.0
125,0.0
126,0.0
127,0.0
128,0.0
129,0.0
130,0.0
131,0.0
132,0.0
133,0.0
134,0.0
135,0.0
136,0.0
137,0.0
138,0.0
139,0.0
140,0.0
141,0.0
142,0.0
143,0.0
144,0.0
145,0.0
146,0.0
147,0.0
148,0.0
149,0.0
150,0.0
151,0.0
152,0.0
153,0.0
154,0.0
155,0.0
156,0.0
157,0.0
158,0.0
159,0.0
160,0.0
161,0.0
162,0.0
163,0.0
164,0.0
165,0.0
166,0.0
167,0.0
168,0.0
169,0.0
170,0.0
171,0.0
172,0.0
173,0.0
174,0.0
175,0.0
176,0.0
177,0.0
178,0.0
179,0.0
180,0.0
181,0.0
182,0.0
183,0.0
184,0.0
185,0.0
186,0.0
187,0.0
188,0.0
189,0.0
190,0.0
191,0.0
192,0.0
193,0.0
194,0.0
195,0.0
196,0.0
197,0.0
198,0.0
199,0.0
200,0.0
