episode,policy_reward,baseline_reward,advantage
1,-1.0984999999999994,-1.935999999999998,0.8374999999999986
2,-0.7724999999999995,-0.8590000000000007,0.08650000000000113
3,-0.32200000000000056,-0.5215000000000003,0.19949999999999973
4,-0.11400000000000018,-1.2604999999999975,1.1464999999999974
5,1.0375000000000008,-0.9050000000000007,1.9425000000000014
6,-0.20999999999999985,-1.889999999999998,1.679999999999998
7,1.1015,-0.8110000000000006,1.9125000000000005
8,-1.3494999999999977,-1.436999999999997,0.08749999999999925
9,-0.6204999999999999,-1.0680000000000005,0.44750000000000056
10,-0.6699999999999995,-1.022999999999998,0.3529999999999984
11,0.6295000000000012,-2.015999999999999,2.6455
12,0.5110000000000011,-0.8920000000000006,1.4030000000000018
13,-0.9169999999999995,-1.3334999999999992,0.41649999999999976
14,-0.705499999999999,-1.2129999999999992,0.5075000000000002
15,-1.7284999999999995,-1.5009999999999994,-0.22750000000000004
16,1.0440000000000014,0.10949999999999938,0.934500000000002
17,-1.0589999999999988,-0.09850000000000042,-0.9604999999999984
18,-0.051000000000000656,0.37649999999999956,-0.4275000000000002
19,-0.36900000000000044,0.4350000000000003,-0.8040000000000007
20,-1.3494999999999995,-0.5135000000000007,-0.8359999999999987
21,-0.8214999999999988,-0.32150000000000034,-0.49999999999999845
22,-1.1109999999999987,-0.0355000000000006,-1.0754999999999981
23,-1.2094999999999996,-0.4559999999999999,-0.7534999999999996
24,-0.7419999999999994,0.6135,-1.3554999999999995
25,-0.3045000000000005,0.807500000000001,-1.1120000000000014
26,-1.8865,-0.19350000000000012,-1.693
27,-1.1114999999999995,-0.006500000000000603,-1.1049999999999989
28,-0.8684999999999997,-1.2304999999999973,0.36199999999999755
29,0.29399999999999954,0.14899999999999958,0.14499999999999996
30,-0.781999999999999,-0.6814999999999994,-0.10049999999999959
31,0.2584999999999996,-0.4515000000000004,0.71
32,-1.1864999999999986,-0.2830000000000008,-0.9034999999999977
33,-1.2919999999999991,-0.7120000000000002,-0.579999999999999
34,-0.9319999999999995,-0.3660000000000006,-0.565999999999999
35,-1.0774999999999988,0.008499999999999286,-1.085999999999998
36,-0.9184999999999998,-0.6860000000000006,-0.23249999999999915
37,-0.38350000000000056,0.021499999999999977,-0.4050000000000005
38,-0.0735000000000005,0.9620000000000039,-1.0355000000000043
39,-0.16899999999999996,0.6314999999999997,-0.8004999999999997
40,-1.2939999999999994,-0.18950000000000097,-1.1044999999999985
41,-0.42050000000000065,0.2469999999999999,-0.6675000000000005
42,-1.5869999999999973,-1.2804999999999962,-0.3065000000000011
43,-0.8404999999999995,-0.2675000000000005,-0.572999999999999
44,-0.5964999999999996,-0.4140000000000006,-0.182499999999999
45,-1.759499999999999,-0.7594999999999992,-0.9999999999999998
46,-0.31249999999999994,-0.13050000000000106,-0.18199999999999888
47,-0.1855000000000004,0.7694999999999999,-0.9550000000000003
48,-0.35200000000000015,-0.43850000000000044,0.0865000000000003
49,-0.4470000000000002,-0.5090000000000006,0.06200000000000039
50,-1.3864999999999987,-0.5645000000000011,-0.8219999999999976
51,0.2519999999999999,0.43099999999999966,-0.17899999999999977
52,-0.7889999999999993,0.43499999999999983,-1.223999999999999
53,0.3324999999999995,0.34749999999999975,-0.015000000000000235
54,-0.12449999999999978,0.24049999999999963,-0.36499999999999944
55,-1.2139999999999989,-0.3670000000000004,-0.8469999999999984
56,-0.5775000000000005,-0.5890000000000004,0.011499999999999955
57,-0.40750000000000025,-0.5130000000000005,0.1055000000000002
58,-0.997499999999999,-0.3045000000000004,-0.6929999999999987
59,-0.7689999999999988,-0.5810000000000005,-0.18799999999999828
60,-0.756499999999999,-0.16250000000000042,-0.5939999999999985
61,-0.40900000000000053,0.4304999999999996,-0.8395000000000001
62,-1.5394999999999996,-0.33400000000000035,-1.2054999999999993
63,-1.0339999999999998,-0.2780000000000004,-0.7559999999999993
64,-1.6059999999999997,-0.6494999999999995,-0.9565000000000001
65,-0.2180000000000006,0.7225000000000005,-0.9405000000000011
66,-1.3964999999999987,-0.4580000000000007,-0.9384999999999981
67,-1.227499999999998,-0.8084999999999999,-0.41899999999999815
68,-0.6234999999999999,-1.2669999999999975,0.6434999999999975
69,-0.5384999999999998,-0.37850000000000034,-0.15999999999999942
70,-0.05600000000000044,0.10400000000000026,-0.1600000000000007
71,-0.7354999999999993,-0.6960000000000004,-0.03949999999999887
72,-0.623,-0.5040000000000003,-0.11899999999999966
73,-0.42750000000000005,-0.035000000000000475,-0.39249999999999957
74,-0.4260000000000002,0.7314999999999996,-1.1574999999999998
75,-1.3254999999999975,0.0914999999999993,-1.4169999999999967
76,0.21699999999999964,-1.5859999999999985,1.8029999999999982
77,-0.05750000000000055,-0.16450000000000034,0.10699999999999979
78,-0.9244999999999989,0.34249999999999975,-1.2669999999999986
79,-0.46900000000000036,-0.5665000000000007,0.09750000000000031
80,0.585,-0.1320000000000009,0.7170000000000009
81,0.41699999999999976,-0.2580000000000005,0.6750000000000003
82,-1.703999999999998,-0.47599999999999915,-1.2279999999999989
83,-0.7779999999999996,-0.7909999999999995,0.0129999999999999
84,-0.24250000000000055,-0.33750000000000085,0.0950000000000003
85,0.35599999999999954,0.1909999999999992,0.16500000000000034
86,-0.9089999999999989,0.6735000000000009,-1.5824999999999998
87,1.450500000000001,0.6025000000000008,0.8480000000000002
88,0.5504999999999999,-0.08250000000000031,0.6330000000000002
89,-0.7510000000000002,-1.3214999999999986,0.5704999999999983
90,-1.317,-0.07600000000000015,-1.2409999999999999
91,-0.33850000000000013,0.14249999999999946,-0.4809999999999996
92,0.5904999999999996,1.1060000000000034,-0.5155000000000038
93,-0.7104999999999989,-0.42800000000000077,-0.28249999999999814
94,-0.9454999999999988,0.3854999999999994,-1.3309999999999982
95,-1.1839999999999982,0.05049999999999977,-1.234499999999998
96,-0.1575000000000007,-1.1634999999999973,1.0059999999999967
97,0.2174999999999998,0.1389999999999994,0.0785000000000004
98,-0.6494999999999989,-0.8860000000000007,0.23650000000000182
99,0.8935000000000004,0.413,0.4805000000000004
100,-1.1559999999999984,-0.2490000000000006,-0.9069999999999978
101,-0.3935000000000001,-0.775499999999999,0.38199999999999884
102,-0.75,0.42799999999999966,-1.1779999999999997
103,-1.0884999999999985,-0.6405000000000002,-0.4479999999999983
104,-0.9634999999999994,-0.9139999999999993,-0.0495000000000001
105,-0.32400000000000034,-0.7679999999999989,0.44399999999999856
106,-2.367999999999999,-0.8864999999999993,-1.4814999999999996
107,-0.3934999999999997,-0.9354999999999996,0.5419999999999998
108,0.5819999999999995,-1.0594999999999997,1.6414999999999993
109,-0.07050000000000006,0.008999999999999722,-0.07949999999999978
110,0.6464999999999996,0.3045000000000002,0.3419999999999994
111,0.8800000000000001,-0.9299999999999995,1.8099999999999996
112,-0.9839999999999994,-0.4350000000000002,-0.5489999999999993
113,-1.2599999999999998,0.32349999999999973,-1.5834999999999995
114,-0.10400000000000023,-0.43200000000000116,0.32800000000000096
115,-0.2855000000000003,0.5719999999999997,-0.8575
116,-0.5539999999999995,0.6610000000000001,-1.2149999999999996
117,-0.06199999999999972,-0.040000000000000896,-0.021999999999998826
118,-0.5604999999999996,0.19049999999999967,-0.7509999999999992
119,-0.7624999999999995,0.48899999999999993,-1.2514999999999994
120,-1.6964999999999997,-0.33350000000000085,-1.3629999999999989
121,-1.7945000000000007,-0.07700000000000065,-1.7175
122,0.23199999999999923,0.1264999999999995,0.10549999999999973
123,0.18049999999999974,-0.3760000000000005,0.5565000000000002
124,-1.094499999999999,-1.378999999999999,0.2845
125,-0.8814999999999998,-0.48350000000000043,-0.3979999999999994
126,0.2364999999999996,-0.8895000000000002,1.126
127,-1.2044999999999992,-0.9570000000000005,-0.24749999999999872
128,0.02049999999999961,0.27500000000000036,-0.2545000000000007
129,0.43699999999999944,-0.3865000000000004,0.8234999999999999
130,-0.7674999999999993,0.3939999999999996,-1.1614999999999989
131,-0.2830000000000006,0.05449999999999944,-0.3375
132,-1.4934999999999983,-0.4485000000000008,-1.0449999999999975
133,0.023999999999999414,-0.5900000000000005,0.614
134,-1.281499999999997,-0.47150000000000086,-0.8099999999999961
135,-0.07500000000000057,-0.31250000000000056,0.2375
136,0.2509999999999998,0.07499999999999923,0.17600000000000054
137,-0.7119999999999996,0.05999999999999925,-0.7719999999999989
138,-0.09600000000000052,-1.7659999999999998,1.6699999999999993
139,-0.6869999999999995,0.11549999999999933,-0.8024999999999989
140,0.07899999999999979,-0.8965,0.9754999999999998
141,0.42700000000000043,-1.5419999999999965,1.968999999999997
142,0.2674999999999998,0.425,-0.1575000000000002
143,-0.37200000000000083,-1.0849999999999997,0.712999999999999
144,-0.5920000000000001,-0.6080000000000002,0.016000000000000125
145,-0.7759999999999987,-0.16400000000000037,-0.6119999999999983
146,-0.9854999999999989,-0.9749999999999992,-0.010499999999999732
147,-0.9479999999999996,0.2839999999999995,-1.231999999999999
148,-0.6474999999999996,-0.7469999999999991,0.09949999999999948
149,0.4064999999999998,0.9495000000000002,-0.5430000000000004
150,-0.5245000000000006,-0.3230000000000009,-0.20149999999999973
151,-1.092999999999999,-0.5560000000000007,-0.5369999999999984
152,-1.2799999999999991,0.292499999999999,-1.572499999999998
153,-0.30350000000000066,0.49849999999999994,-0.8020000000000006
154,-1.1059999999999985,-0.09050000000000052,-1.015499999999998
155,-0.4435000000000004,-0.3890000000000001,-0.05450000000000027
156,0.7210000000000001,0.5655000000000003,0.15549999999999975
157,-0.20700000000000043,-0.7970000000000003,0.5899999999999999
158,-0.9344999999999994,-1.0234999999999996,0.08900000000000019
159,0.47299999999999925,-1.0065,1.4794999999999991
160,0.24799999999999994,-0.4610000000000008,0.7090000000000007
161,-1.240999999999999,-0.18550000000000053,-1.0554999999999986
162,-0.19350000000000042,0.5730000000000006,-0.7665000000000011
163,0.6400000000000001,0.2519999999999993,0.38800000000000084
164,0.26099999999999984,0.9705000000000001,-0.7095000000000002
165,-0.8304999999999989,-0.8495000000000007,0.019000000000001793
166,0.5599999999999998,-0.3065000000000003,0.8665000000000002
167,-1.4394999999999987,-1.0119999999999998,-0.4274999999999989
168,-0.020000000000000483,-0.5984999999999996,0.5784999999999991
169,-0.5130000000000002,-0.4515000000000004,-0.06149999999999983
170,0.3234999999999995,0.6670000000000003,-0.34350000000000075
171,-0.9604999999999981,-0.20300000000000032,-0.7574999999999978
172,-0.04650000000000043,-1.1330000000000002,1.0864999999999998
173,-1.0789999999999984,-0.034000000000000495,-1.044999999999998
174,-0.4280000000000008,-0.6565000000000009,0.22850000000000004
175,-0.7699999999999988,-0.05500000000000049,-0.7149999999999983
176,-0.11850000000000027,0.019999999999999466,-0.13849999999999973
177,-0.7479999999999998,0.19699999999999934,-0.9449999999999992
178,-1.4084999999999992,-0.2790000000000007,-1.1294999999999984
179,-1.0600000000000003,0.4289999999999994,-1.4889999999999997
180,0.5769999999999995,0.3575000000000004,0.21949999999999914
181,0.6840000000000004,0.05599999999999955,0.6280000000000008
182,-0.6984999999999997,-0.14900000000000072,-0.549499999999999
183,-0.8489999999999999,-0.41099999999999964,-0.4380000000000002
184,-0.35899999999999993,-0.5225000000000006,0.1635000000000007
185,-0.4510000000000003,-0.14300000000000035,-0.30799999999999994
186,-0.020000000000000625,-0.5105000000000005,0.4904999999999999
187,-0.038500000000000534,-0.8574999999999997,0.8189999999999992
188,-1.184499999999999,-0.6685000000000005,-0.5159999999999985
189,-0.8374999999999997,-0.2655000000000008,-0.571999999999999
190,-0.4824999999999996,-0.8630000000000003,0.3805000000000007
191,-0.08550000000000024,0.3209999999999998,-0.40650000000000003
192,-0.24350000000000016,-0.6165000000000002,0.373
193,0.5649999999999997,-0.8405000000000005,1.4055000000000002
194,-0.027999999999999983,0.0059999999999995075,-0.03399999999999949
195,-1.2039999999999995,-0.012000000000000684,-1.1919999999999988
196,-0.6944999999999991,1.0535000000000028,-1.748000000000002
197,-1.0129999999999997,0.5359999999999998,-1.5489999999999995
198,-2.2350000000000003,-1.7849999999999973,-0.45000000000000306
199,0.15599999999999928,-0.1985000000000006,0.35449999999999987
200,-0.6714999999999985,-0.15600000000000055,-0.515499999999998
201,-0.08300000000000035,-0.32900000000000057,0.24600000000000022
202,-1.4289999999999994,0.024999999999999915,-1.4539999999999993
203,-1.3234999999999997,-0.5440000000000007,-0.779499999999999
204,0.020999999999999994,0.20999999999999974,-0.18899999999999975
205,-0.8460000000000002,-0.25200000000000095,-0.5939999999999992
206,0.5234999999999997,-0.6175000000000007,1.1410000000000005
207,-1.6669999999999994,0.11099999999999971,-1.7779999999999991
208,-0.8944999999999996,-0.5624999999999998,-0.33199999999999985
209,0.39299999999999985,-0.1890000000000003,0.5820000000000002
210,-0.9049999999999986,-0.07400000000000023,-0.8309999999999984
211,-0.9169999999999996,-0.05750000000000087,-0.8594999999999987
212,-0.11800000000000048,0.1489999999999998,-0.2670000000000003
213,0.5934999999999995,-0.2935000000000002,0.8869999999999997
214,-0.3895000000000004,-0.6840000000000005,0.2945000000000001
215,-0.26850000000000035,-0.39450000000000074,0.1260000000000004
216,0.6465000000000002,-0.03950000000000046,0.6860000000000006
217,0.1609999999999996,-0.8089999999999996,0.9699999999999992
218,-0.7474999999999995,-0.6369999999999992,-0.11050000000000026
219,-0.49599999999999944,-0.3190000000000007,-0.17699999999999871
220,1.1125000000000005,0.5299999999999998,0.5825000000000007
221,-1.1934999999999978,-0.6530000000000007,-0.5404999999999971
222,-0.40299999999999925,-1.1260000000000001,0.7230000000000009
223,-0.21800000000000075,-0.6110000000000011,0.39300000000000035
224,-0.17550000000000024,-0.79,0.6144999999999998
225,-0.1750000000000006,-0.03200000000000029,-0.1430000000000003
226,-1.446,-0.0715000000000003,-1.3744999999999996
227,-0.4359999999999995,-0.2240000000000007,-0.2119999999999988
228,-1.057499999999998,-0.1730000000000007,-0.8844999999999974
229,-0.4369999999999989,-0.33300000000000035,-0.10399999999999854
230,-1.124499999999999,0.015999999999999046,-1.140499999999998
231,-0.8709999999999988,0.19449999999999956,-1.0654999999999983
232,-0.12100000000000015,-0.021000000000000386,-0.09999999999999976
233,-0.24900000000000053,-0.7375000000000002,0.4884999999999996
234,-0.917499999999999,-0.049500000000000696,-0.8679999999999983
235,-0.01200000000000048,-0.3540000000000009,0.34200000000000047
236,-1.3759999999999997,-0.8850000000000001,-0.49099999999999955
237,-0.49600000000000033,-0.08450000000000048,-0.41149999999999987
238,-1.7005,-0.48250000000000054,-1.2179999999999993
239,-0.9069999999999997,-0.8474999999999998,-0.059499999999999886
240,0.1444999999999998,-0.5965000000000007,0.7410000000000005
241,-0.349,-0.4275000000000003,0.07850000000000035
242,0.7735,-1.7174999999999963,2.490999999999996
243,-0.39099999999999974,0.1064999999999997,-0.49749999999999944
244,-0.7299999999999998,0.6434999999999993,-1.373499999999999
245,-0.4920000000000004,-0.4365000000000005,-0.05549999999999988
246,-1.2294999999999994,-1.2769999999999988,0.04749999999999943
247,-0.13949999999999985,-0.8315000000000007,0.6920000000000008
248,0.3114999999999993,-0.2520000000000008,0.5635000000000001
249,-0.6975000000000001,-0.22650000000000026,-0.47099999999999986
250,-0.12650000000000033,-0.006500000000000603,-0.11999999999999973
251,-0.5170000000000002,0.25449999999999967,-0.7714999999999999
252,-0.7144999999999997,0.2909999999999995,-1.0054999999999992
253,0.14499999999999946,-0.27100000000000046,0.4159999999999999
254,-0.07899999999999999,0.9845000000000002,-1.0635000000000001
255,-0.7674999999999997,-0.31050000000000033,-0.4569999999999994
256,-0.20750000000000035,-0.14350000000000065,-0.0639999999999997
257,-1.6065000000000005,-0.1900000000000012,-1.4164999999999992
258,-0.19750000000000045,0.1709999999999996,-0.36850000000000005
259,-1.0839999999999983,-0.0825000000000007,-1.0014999999999976
260,-0.7199999999999998,-0.7705000000000005,0.050500000000000766
261,0.8179999999999998,0.19249999999999964,0.6255000000000002
262,-0.030500000000000645,-0.08850000000000036,0.05799999999999971
263,-0.9794999999999999,-0.00750000000000031,-0.9719999999999996
264,-0.5839999999999997,-0.4705000000000005,-0.11349999999999927
265,-1.5499999999999992,-0.26150000000000084,-1.2884999999999982
266,-0.11050000000000046,-0.6864999999999999,0.5759999999999994
267,-0.4365000000000007,0.1844999999999989,-0.6209999999999996
268,-1.0110000000000001,0.1109999999999994,-1.1219999999999994
269,-1.4149999999999985,-0.9579999999999981,-0.4570000000000004
270,-0.5645,0.14999999999999927,-0.7144999999999992
271,0.20299999999999951,-1.2394999999999987,1.4424999999999981
272,-0.9914999999999997,-1.0704999999999996,0.07899999999999985
273,0.3814999999999998,0.36500000000000005,0.016499999999999737
274,0.32549999999999985,-0.5935000000000004,0.9190000000000003
275,0.6755,0.010499999999999378,0.6650000000000006
276,0.05749999999999944,-0.9994999999999995,1.056999999999999
277,-0.4940000000000004,0.24999999999999928,-0.7439999999999997
278,-0.42550000000000016,-0.1280000000000009,-0.29749999999999927
279,0.49499999999999966,-0.8675000000000004,1.3625
280,-0.5839999999999996,0.6924999999999994,-1.276499999999999
281,-0.4505000000000008,-0.6555000000000007,0.20499999999999996
282,-0.024500000000000292,-0.32350000000000007,0.29899999999999977
283,0.09099999999999914,-0.4075000000000007,0.49849999999999983
284,-0.8679999999999991,-0.2515000000000004,-0.6164999999999987
285,0.16099999999999987,0.02949999999999964,0.13150000000000023
286,-0.8164999999999986,-0.9410000000000001,0.1245000000000015
287,0.3464999999999995,1.292,-0.9455000000000006
288,-0.4799999999999991,0.16599999999999943,-0.6459999999999986
289,-0.311,-1.052000000000001,0.741000000000001
290,-0.732,-0.585,-0.14700000000000002
291,-0.44650000000000073,-0.06750000000000062,-0.3790000000000001
292,-0.40850000000000003,0.03999999999999998,-0.4485
293,-0.07900000000000046,-0.31100000000000083,0.23200000000000037
294,-0.2705000000000004,-0.44150000000000045,0.17100000000000004
295,-1.5204999999999986,-0.29350000000000026,-1.2269999999999983
296,-0.9874999999999994,-1.0219999999999996,0.0345000000000002
297,0.5325000000000001,-0.8554999999999993,1.3879999999999995
298,-0.03900000000000059,-0.1120000000000008,0.0730000000000002
299,-0.9409999999999984,-0.11400000000000046,-0.826999999999998
300,0.407,-0.8115000000000012,1.2185000000000012
